pmid,rpsid,components_type,rnas,rna_length,rna_sequence,rna_classification
PMID: 24577897,RNAPS0000182,RNA,"15-mer oligonucleotides RNA (Jia,2014)",15nt,CCAGUCAGUCUACGC,irregular RNA
PMID: 24577897,RNAPS0000182,RNA,"15-mer oligonucleotides RNA (Jia,2014)",15nt,CCAGUCAGUCUACGC,irregular RNA
PMID: 24577897,RNAPS0000182,RNA,"15-mer oligonucleotides RNA (Jia,2014)",15nt,CCAGUCAGUCUACGC,irregular RNA
PMID: 24577897,RNAPS0000182,RNA,"15-mer oligonucleotides RNA (Jia,2014)",15nt,CCAGUCAGUCUACGC,irregular RNA
PMID: 27599198,RNAPS0000071,RNA,polyU,2000-3200nt,-,poly RNA
PMID: 27599198,RNAPS0000071,RNA,polyU,2000-3200nt,-,poly RNA
PMID: 27599198,RNAPS0000071,RNA,polyU,2000-3200nt,-,poly RNA
PMID: 27599198,RNAPS0000071,RNA,polyU,2000-3200nt,-,poly RNA
PMID: 28562589,RNAPS0000353,RNA,(CAG)10,30nt,CAGCAGCAGCAGCAGCAGCAGCAGCAGCAG,repeat RNA
PMID: 28562589,RNAPS0000354,RNA,(CAG)20,60nt,CAGCAGCAGCAGCAGCAGCAGCAGCAGCAGCAGCAGCAGCAGCAGCAGCAGCAGCAG,repeat RNA
PMID: 28562589,RNAPS0000356,RNA,(CUG)20,60nt,CUGCUGCUGCUGCUGCUGCUGCUGCUGCUGCUGCUGCUGCUGCUGCUGCUGCUGCUG,repeat RNA
PMID: 28562589,RNAPS0000357,RNA,(CAG)31,93nt,CAGCAGCAGCAGCAGCAGCAGCAGCAGCAGCAGCAGCAGCAGCAGCAGCAGCAGCAGCAGCAGCAGCAGCAGCAGCAGCAGCAGCAGCAGCAG,repeat RNA
PMID: 28562589,RNAPS0000358,RNA,(CUG)31,93nt,CUGCUGCUGCUGCUGCUGCUGCUGCUGCUGCUGCUGCUGCUGCUGCUGCUGCUGCUGCUGCUGCUGCUGCUGCUGCUGCUGCUGCUGCUGCUG,repeat RNA
PMID: 28562589,RNAPS0000359,RNA,(CAG)47,141nt,CAGCAGCAGCAGCAGCAGCAGCAGCAGCAGCAGCAGCAGCAGCAGCAGCAGCAGCAGCAGCAGCAGCAGCAGCAGCAGCAGCAGCAGCAGCAGCAGCAGCAGCAGCAGCAGCAGCAGCAGCAGCAGCAGCAGCAGCAGCAG,repeat RNA
PMID: 28562589,RNAPS0000360,RNA,(CUG)47,141nt,CUGCUGCUGCUGCUGCUGCUGCUGCUGCUGCUGCUGCUGCUGCUGCUGCUGCUGCUGCUGCUGCUGCUGCUGCUGCUGCUGCUGCUGCUGCUGCUGCUGCUGCUGCUGCUGCUGCUGCUGCUGCUGCUGCUGCUGCUGCUG,repeat RNA
PMID: 28562589,RNAPS0000114,RNA,(CAG)66,198nt,CAGCAGCAGCAGCAGCAGCAGCAGCAGCAGCAGCAGCAGCAGCAGCAGCAGCAGCAGCAGCAGCAGCAGCAGCAGCAGCAGCAGCAGCAGCAGCAGCAGCAGCAGCAGCAGCAGCAGCAGCAGCAGCAGCAGCAGCAGCAGCAGCAGCAGCAGCAGCAGCAGCAGCAGCAGCAGCAGCAGCAGCAGCAGCAGCAGCAG,repeat RNA
PMID: 28562589,RNAPS0000115,RNA,(CUG)66,198nt,CUGCUGCUGCUGCUGCUGCUGCUGCUGCUGCUGCUGCUGCUGCUGCUGCUGCUGCUGCUGCUGCUGCUGCUGCUGCUGCUGCUGCUGCUGCUGCUGCUGCUGCUGCUGCUGCUGCUGCUGCUGCUGCUGCUGCUGCUGCUGCUGCUGCUGCUGCUGCUGCUGCUGCUGCUGCUGCUGCUGCUGCUGCUGCUGCUGCUG,repeat RNA
PMID: 29483269,RNAPS0000145,RNA,polyA,-,-,poly RNA
PMID: 29483269,RNAPS0000146,RNA,polyU,-,-,poly RNA
PMID: 29483269,RNAPS0000147,RNA,polyG,-,-,poly RNA
PMID: 29483269,RNAPS0000148,RNA,polyC,-,-,poly RNA
PMID: 29932899,RNAPS0000020,RNA,NEAT1,1086nt(12-13k),GGGCGAAUUGGGCCCUCUAGAUGCAUGCUCGAGCGGCCGCCAGUGUGAUGGAUAUCUGCAGAAUUCGCCCUUCGACGCUCCAUAUAUGAAACUUAAGUUUCUGCUAGUUGCCAUCUUUGAUCUAUCAUGUAUGCAGUGACCUACUAAGACUGUAAUUGGUACAGUAGAUUCUUGUCAUCUGUGUGUGAAUUUAGCAUUCAUGGGCUUAAUGCUGACAAGGCCCCCAGGGUCCAAGACAUAUAAUCAUGUAUAAUUUUGUCAAGGUAUAAUUUUUUAAAUUGCUUUUGUCAUGUGUCUGCUGGUGAUGCCCAACCCAGUGCUCUGCACCCAGGUCACACUGUGGCUUUGUCCUCUGCUUAUGCCUGCAUUGCAGCAACUGUCCUGAAGAGACCAAAAUUAUGCAGAUUUAGGUAAGUCCAUGGCUAAUGUUAUUAUAUUAUGUGCUAUUGUAAUGGAUGGGGCUGUGGAGUGUAUGAAUUUAUAAAUCACUGGUCUUGUAAUUAAAAUUCAAACACUAUAGAAAAAGGCCAUGUAGAAGAUAAAAGUUCCUCUAUAAUCCCGGACCCCUAAGAUAACUACUAAUGACAACUUCAUUUAUAUUCCUUCAGACAUUUUCUGGCUGUGGAUGUACUAAAAUGUAUCCUAUUAUUCUCUGCCCUAAAAUGGAAUCAUACAAGGUGUACUGUUAUUUUUAUGGCUCUAUAACAUGUCAUAUUGUACGUGUUGGUAUGGUCAUUUUAACCAUUUUUCUAGUGAUGGCUUUGAGGUUAUUUGCAGUUUCCUAGCCAUCUCAAAGUGUGCUGCGGGGAUCUCUUUUGCAUCCCUCUGGGUGCAGAGCUGAGGCACCCAGAGGCAGUGUCCAGAGGAGGCAGCAUCUGUAGGUGUCUUCACCUGCUCUGGCUCUUGGCACAUCUGGUUGGUGACACUGUUUUGUGAGAUGGGUUGAAAGCACGUGCUGCCAAAAUAGAAUAAUGUUGGUCCUCUCCUCAUGUGCCGUGGAACUGGGGUAAAACUGCGUAGUGGCUGCAGCUGCCUGUCCAUACCGGAAAAGGGCGAAUUCCAGCACACUGGCGGCCGUUACUAGUG,lncRNA
PMID: 29932899,RNAPS0000020,RNA,NEAT1_antisense,1079nt(12-13k),AGAAUACUCAAGCUAUGCAUCAAGCUUGGUACCGAGGUAACGGCCGCCAGUGUGCUGGAAUUCGCCCUUUUCCGGUAUGGACAGGCAGCUGCAGCCACUACGCAGUUUUACCCCAGUUCCACGGCACAUGAGGAGAGGACCAACAUUAUUCUAUUUUGGCAGCACGUGCUUUCAACCCAUCUCACAAAACAGUGUCACCAACCAGAUGUGCCAAGAGCCAGAGCAGGUGAAGACACCUACAGAUGCUGCCUCCUCUGGACACUGCCUCUGGGUGCCUCAGCUCUGCACCCAGAGGGAUGCAAAAGAGAUCCCCGCAGCACACUUUGAGAUGGCUAGGAAACUGCAAAUAACCUCAAAGCCAUCACUAGAAAAAUGGUUAAAAUGACCAUACCAACACGUACAAUAUGACAUGUUAUAGAGCCAUAAAAAUAACAGUACACCUUGUAUGAUUCCAUUUUAGGGCAGAGAAUAAUAGGAUACAUUUUAGUACAUCCACAGCCAGAAAAUGUCUGAAGGAAUAUAAAUGAAGUUGUCAUUAGUAGUUAUCUUAGGGGUCCGGGAUUAUAGAGGAACUUUUAUCUUCUACAUGGCCUUUUUCUAUAGUGUUUGAAUUUUAAUUACAAGACCAGUGAUUUAUAAAUUCAUACACUCCACAGCCCCAUCCAUUACAAUAGCACAUAAUAUAAUAACAUUAGCCAUGGACUUACCUAAAUCUGCAUAAUUUUGGUCUCUUCAGGACAGUUGCUGCAAUGCAGGCAUAAGCAGAGGACAAAGCCACAGUGUGACCUGGGUGCAGAGCACUGGGUUGGGCAUCACCAGCAGACACAUGACAAAAGCAAUUUAAAAAAUUAUACCUUGACAAAAUUAUACAUGAUUAUAUGUCUUGGACCCUGGGGGCCUUGUCAGCAUUAAGCCCAUGAAUGCUAAAUUCACACACAGAUGACAAGAAUCUACUGUACCAAUUACAGUCUUAGUAGGUCACUGCAUACAUGAUAGAUCAAAGAUGGCAACUAGCAGAAACUUAAGUUUCAUAUAUGGAGCGUCGAAGGGCGAAUUCUGCAGAUAUCCAUCACACUGGC,lncRNA
PMID: 30926670,RNAPS0000276,RNA,polyrA,-,-,poly RNA
PMID: 30926670,RNAPS0000277,RNA,polyrU,-,-,poly RNA
PMID: 30926670,RNAPS0000278,RNA,polyrC,-,-,poly RNA
PMID: 32301603,RNAPS0000381,RNA,(CAG)8,24nt,CAGCAGCAGCAGCAGCAGCAGCAG,repeat RNA
PMID: 32301603,RNAPS0000382,RNA,(CUG)8,24nt,CUGCUGCUGCUGCUGCUGCUGCUG,repeat RNA
PMID: 32301603,RNAPS0000383,RNA,(GGGGCC)8,48nt,GGGGCCGGGGCCGGGGCCGGGGCCGGGGCCGGGGCCGGGGCCGGGGCC,repeat RNA
PMID: 32301603,RNAPS0000384,RNA,(GGGUUA)8,48nt,GGGUUAGGGUUAGGGUUAGGGUUAGGGUUAGGGUUAGGGUUAGGGUUA,repeat RNA
