,index,pmid,rpsid,components_type,rnas,rna_length,rna_sequence,rna_classification,rna_length_num
0,0,PMID: 24577897,RNAPS0000182,RNA,"15-mer oligonucleotides RNA (Jia,2014)",15nt,CCAGUCAGUCUACGC,irregular RNA,15
1,1,PMID: 24577897,RNAPS0000182,RNA,"15-mer oligonucleotides RNA (Jia,2014)",15nt,CCAGUCAGUCUACGC,irregular RNA,15
2,2,PMID: 24577897,RNAPS0000182,RNA,"15-mer oligonucleotides RNA (Jia,2014)",15nt,CCAGUCAGUCUACGC,irregular RNA,15
3,3,PMID: 24577897,RNAPS0000182,RNA,"15-mer oligonucleotides RNA (Jia,2014)",15nt,CCAGUCAGUCUACGC,irregular RNA,15
4,8,PMID: 28562589,RNAPS0000353,RNA,(CAG)10,30nt,CAGCAGCAGCAGCAGCAGCAGCAGCAGCAG,repeat RNA,30
5,9,PMID: 28562589,RNAPS0000354,RNA,(CAG)20,60nt,CAGCAGCAGCAGCAGCAGCAGCAGCAGCAGCAGCAGCAGCAGCAGCAGCAGCAGCAG,repeat RNA,60
6,10,PMID: 28562589,RNAPS0000356,RNA,(CUG)20,60nt,CUGCUGCUGCUGCUGCUGCUGCUGCUGCUGCUGCUGCUGCUGCUGCUGCUGCUGCUG,repeat RNA,60
7,11,PMID: 28562589,RNAPS0000357,RNA,(CAG)31,93nt,CAGCAGCAGCAGCAGCAGCAGCAGCAGCAGCAGCAGCAGCAGCAGCAGCAGCAGCAGCAGCAGCAGCAGCAGCAGCAGCAGCAGCAGCAGCAG,repeat RNA,93
8,12,PMID: 28562589,RNAPS0000358,RNA,(CUG)31,93nt,CUGCUGCUGCUGCUGCUGCUGCUGCUGCUGCUGCUGCUGCUGCUGCUGCUGCUGCUGCUGCUGCUGCUGCUGCUGCUGCUGCUGCUGCUGCUG,repeat RNA,93
9,13,PMID: 28562589,RNAPS0000359,RNA,(CAG)47,141nt,CAGCAGCAGCAGCAGCAGCAGCAGCAGCAGCAGCAGCAGCAGCAGCAGCAGCAGCAGCAGCAGCAGCAGCAGCAGCAGCAGCAGCAGCAGCAGCAGCAGCAGCAGCAGCAGCAGCAGCAGCAGCAGCAGCAGCAGCAGCAG,repeat RNA,141
10,14,PMID: 28562589,RNAPS0000360,RNA,(CUG)47,141nt,CUGCUGCUGCUGCUGCUGCUGCUGCUGCUGCUGCUGCUGCUGCUGCUGCUGCUGCUGCUGCUGCUGCUGCUGCUGCUGCUGCUGCUGCUGCUGCUGCUGCUGCUGCUGCUGCUGCUGCUGCUGCUGCUGCUGCUGCUGCUG,repeat RNA,141
11,15,PMID: 28562589,RNAPS0000114,RNA,(CAG)66,198nt,CAGCAGCAGCAGCAGCAGCAGCAGCAGCAGCAGCAGCAGCAGCAGCAGCAGCAGCAGCAGCAGCAGCAGCAGCAGCAGCAGCAGCAGCAGCAGCAGCAGCAGCAGCAGCAGCAGCAGCAGCAGCAGCAGCAGCAGCAGCAGCAGCAGCAGCAGCAGCAGCAGCAGCAGCAGCAGCAGCAGCAGCAGCAGCAGCAGCAG,repeat RNA,198
12,16,PMID: 28562589,RNAPS0000115,RNA,(CUG)66,198nt,CUGCUGCUGCUGCUGCUGCUGCUGCUGCUGCUGCUGCUGCUGCUGCUGCUGCUGCUGCUGCUGCUGCUGCUGCUGCUGCUGCUGCUGCUGCUGCUGCUGCUGCUGCUGCUGCUGCUGCUGCUGCUGCUGCUGCUGCUGCUGCUGCUGCUGCUGCUGCUGCUGCUGCUGCUGCUGCUGCUGCUGCUGCUGCUGCUGCUG,repeat RNA,198
13,17,PMID: 29483269,RNAPS0000145,RNA,polyA,-,-,poly RNA,0
14,18,PMID: 29483269,RNAPS0000146,RNA,polyU,-,-,poly RNA,0
15,19,PMID: 29483269,RNAPS0000147,RNA,polyG,-,-,poly RNA,0
16,20,PMID: 29483269,RNAPS0000148,RNA,polyC,-,-,poly RNA,0
17,23,PMID: 30926670,RNAPS0000276,RNA,polyrA,-,-,poly RNA,0
18,24,PMID: 30926670,RNAPS0000277,RNA,polyrU,-,-,poly RNA,0
19,25,PMID: 30926670,RNAPS0000278,RNA,polyrC,-,-,poly RNA,0
20,26,PMID: 32301603,RNAPS0000381,RNA,(CAG)8,24nt,CAGCAGCAGCAGCAGCAGCAGCAG,repeat RNA,24
21,27,PMID: 32301603,RNAPS0000382,RNA,(CUG)8,24nt,CUGCUGCUGCUGCUGCUGCUGCUG,repeat RNA,24
22,28,PMID: 32301603,RNAPS0000383,RNA,(GGGGCC)8,48nt,GGGGCCGGGGCCGGGGCCGGGGCCGGGGCCGGGGCCGGGGCCGGGGCC,repeat RNA,48
23,29,PMID: 32301603,RNAPS0000384,RNA,(GGGUUA)8,48nt,GGGUUAGGGUUAGGGUUAGGGUUAGGGUUAGGGUUAGGGUUAGGGUUA,repeat RNA,48
