pmid,rpsid,components_type,rnas,rna_length,rna_sequence,rna_classification,Uniprot ID,protein_name,rna_length_num
PMID: 22398450,RNAPS0000051,RNA + protein,(UCUCUAAAAA)5,50nt,UCUCUAAAAAUCUCUAAAAAUCUCUAAAAAUCUCUAAAAAUCUCUAAAAA,repeat RNA,P26599,PTBP1,50.0
PMID: 28562589,RNAPS0000353,RNA,(CAG)10,30nt,CAGCAGCAGCAGCAGCAGCAGCAGCAGCAG,repeat RNA,-,-,30.0
PMID: 28562589,RNAPS0000354,RNA,(CAG)20,60nt,CAGCAGCAGCAGCAGCAGCAGCAGCAGCAGCAGCAGCAGCAGCAGCAGCAGCAGCAG,repeat RNA,-,-,60.0
PMID: 28562589,RNAPS0000356,RNA,(CUG)20,60nt,CUGCUGCUGCUGCUGCUGCUGCUGCUGCUGCUGCUGCUGCUGCUGCUGCUGCUGCUG,repeat RNA,-,-,60.0
PMID: 28562589,RNAPS0000357,RNA,(CAG)31,93nt,CAGCAGCAGCAGCAGCAGCAGCAGCAGCAGCAGCAGCAGCAGCAGCAGCAGCAGCAGCAGCAGCAGCAGCAGCAGCAGCAGCAGCAGCAGCAG,repeat RNA,-,-,93.0
PMID: 28562589,RNAPS0000358,RNA,(CUG)31,93nt,CUGCUGCUGCUGCUGCUGCUGCUGCUGCUGCUGCUGCUGCUGCUGCUGCUGCUGCUGCUGCUGCUGCUGCUGCUGCUGCUGCUGCUGCUGCUG,repeat RNA,-,-,93.0
PMID: 28562589,RNAPS0000359,RNA,(CAG)47,141nt,CAGCAGCAGCAGCAGCAGCAGCAGCAGCAGCAGCAGCAGCAGCAGCAGCAGCAGCAGCAGCAGCAGCAGCAGCAGCAGCAGCAGCAGCAGCAGCAGCAGCAGCAGCAGCAGCAGCAGCAGCAGCAGCAGCAGCAGCAGCAG,repeat RNA,-,-,141.0
PMID: 28562589,RNAPS0000360,RNA,(CUG)47,141nt,CUGCUGCUGCUGCUGCUGCUGCUGCUGCUGCUGCUGCUGCUGCUGCUGCUGCUGCUGCUGCUGCUGCUGCUGCUGCUGCUGCUGCUGCUGCUGCUGCUGCUGCUGCUGCUGCUGCUGCUGCUGCUGCUGCUGCUGCUGCUG,repeat RNA,-,-,141.0
PMID: 28562589,RNAPS0000114,RNA,(CAG)66,198nt,CAGCAGCAGCAGCAGCAGCAGCAGCAGCAGCAGCAGCAGCAGCAGCAGCAGCAGCAGCAGCAGCAGCAGCAGCAGCAGCAGCAGCAGCAGCAGCAGCAGCAGCAGCAGCAGCAGCAGCAGCAGCAGCAGCAGCAGCAGCAGCAGCAGCAGCAGCAGCAGCAGCAGCAGCAGCAGCAGCAGCAGCAGCAGCAGCAGCAG,repeat RNA,-,-,198.0
PMID: 28562589,RNAPS0000115,RNA,(CUG)66,198nt,CUGCUGCUGCUGCUGCUGCUGCUGCUGCUGCUGCUGCUGCUGCUGCUGCUGCUGCUGCUGCUGCUGCUGCUGCUGCUGCUGCUGCUGCUGCUGCUGCUGCUGCUGCUGCUGCUGCUGCUGCUGCUGCUGCUGCUGCUGCUGCUGCUGCUGCUGCUGCUGCUGCUGCUGCUGCUGCUGCUGCUGCUGCUGCUGCUGCUG,repeat RNA,-,-,198.0
PMID: 28562589,RNAPS0000116,Undefined,(CAG)120,360nt,CAGCAGCAGCAGCAGCAGCAGCAGCAGCAGCAGCAGCAGCAGCAGCAGCAGCAGCAGCAGCAGCAGCAGCAGCAGCAGCAGCAGCAGCAGCAGCAGCAGCAGCAGCAGCAGCAGCAGCAGCAGCAGCAGCAGCAGCAGCAGCAGCAGCAGCAGCAGCAGCAGCAGCAGCAGCAGCAGCAGCAGCAGCAGCAGCAGCAGCAGCAGCAGCAGCAGCAGCAGCAGCAGCAGCAGCAGCAGCAGCAGCAGCAGCAGCAGCAGCAGCAGCAGCAGCAGCAGCAGCAGCAGCAGCAGCAGCAGCAGCAGCAGCAGCAGCAGCAGCAGCAGCAGCAGCAGCAGCAGCAGCAGCAGCAGCAGCAGCAG,repeat RNA,Q07955,SRSF1,360.0
PMID: 29262335,RNAPS0000131,RNA + proteins,(AAAACC)4,24nt,AAAACCAAAACCAAAACCAAAACC,repeat RNA,-,U2OS lysate,24.0
PMID: 29262335,RNAPS0000132,RNA + proteins,r(GGGGCC)4,24nt,GGGGCCGGGGCCGGGGCCGGGGCC,repeat RNA,-,U2OS lysate,24.0
PMID: 29262335,RNAPS0000133,RNA + proteins,r(CCCCGG)4,24nt,CCCCGGCCCCGGCCCCGGCCCCGG,repeat RNA,-,U2OS lysate,24.0
PMID: 29262335,RNAPS0000134,Undefined,r(GGGGCC)11,66nt,GGGGCCGGGGCCGGGGCCGGGGCCGGGGCCGGGGCCGGGGCCGGGGCCGGGGCCGGGGCCGGGGCC,repeat RNA,Q13283;P55884,G3BP1;|EIF3B,66.0
PMID: 29262335,RNAPS0000072,Undefined,r(GGGGCC)38,228nt,GGGGCCGGGGCCGGGGCCGGGGCCGGGGCCGGGGCCGGGGCCGGGGCCGGGGCCGGGGCCGGGGCCGGGGCCGGGGCCGGGGCCGGGGCCGGGGCCGGGGCCGGGGCCGGGGCCGGGGCCGGGGCCGGGGCCGGGGCCGGGGCCGGGGCCGGGGCCGGGGCCGGGGCCGGGGCCGGGGCCGGGGCCGGGGCCGGGGCCGGGGCCGGGGCCGGGGCCGGGGCCGGGGCC,repeat RNA,Q13283;P55884,G3BP1;|EIF3B,228.0
PMID: 29262335,RNAPS0000135,Undefined,r(GGGGCC)28,168nt,GGGGCCGGGGCCGGGGCCGGGGCCGGGGCCGGGGCCGGGGCCGGGGCCGGGGCCGGGGCCGGGGCCGGGGCCGGGGCCGGGGCCGGGGCCGGGGCCGGGGCCGGGGCCGGGGCCGGGGCCGGGGCCGGGGCCGGGGCCGGGGCCGGGGCCGGGGCCGGGGCCGGGGCC,repeat RNA,Q13283;P55884,G3BP1;|EIF3B,168.0
PMID: 29262335,RNAPS0000136,Undefined,r(GGGGCC)75,450nt,GGGGCCGGGGCCGGGGCCGGGGCCGGGGCCGGGGCCGGGGCCGGGGCCGGGGCCGGGGCCGGGGCCGGGGCCGGGGCCGGGGCCGGGGCCGGGGCCGGGGCCGGGGCCGGGGCCGGGGCCGGGGCCGGGGCCGGGGCCGGGGCCGGGGCCGGGGCCGGGGCCGGGGCCGGGGCCGGGGCCGGGGCCGGGGCCGGGGCCGGGGCCGGGGCCGGGGCCGGGGCCGGGGCCGGGGCCGGGGCCGGGGCCGGGGCCGGGGCCGGGGCCGGGGCCGGGGCCGGGGCCGGGGCCGGGGCCGGGGCCGGGGCCGGGGCCGGGGCCGGGGCCGGGGCCGGGGCCGGGGCCGGGGCCGGGGCCGGGGCCGGGGCCGGGGCCGGGGCCGGGGCCGGGGCCGGGGCCGGGGCCGGGGCCGGGGCCGGGGCCGGGGCCGGGGCCGGGGCCGGGGCCGGGGCC,repeat RNA,Q13283;P55884,G3BP1;|EIF3B,450.0
PMID: 32301603,RNAPS0000381,RNA,(CAG)8,24nt,CAGCAGCAGCAGCAGCAGCAGCAG,repeat RNA,-,-,24.0
PMID: 32301603,RNAPS0000382,RNA,(CUG)8,24nt,CUGCUGCUGCUGCUGCUGCUGCUG,repeat RNA,-,-,24.0
PMID: 32301603,RNAPS0000383,RNA,(GGGGCC)8,48nt,GGGGCCGGGGCCGGGGCCGGGGCCGGGGCCGGGGCCGGGGCCGGGGCC,repeat RNA,-,-,48.0
PMID: 32301603,RNAPS0000384,RNA,(GGGUUA)8,48nt,GGGUUAGGGUUAGGGUUAGGGUUAGGGUUAGGGUUAGGGUUAGGGUUA,repeat RNA,-,-,48.0
PMID: 32995779,RNAPS0000438,RNA + protein,polyAU,-,-,repeat RNA,P0DTC9,SARS-CoV-2 Nucleoprotein,
PMID: 33523882,RNAPS0000460,RNA + protein,(CGG)99,297nt,CGGCGGCGGCGGCGGCGGCGGCGGCGGCGGCGGCGGCGGCGGCGGCGGCGGCGGCGGCGGCGGCGGCGGCGGCGGCGGCGGCGGCGGCGGCGGCGGCGGCGGCGGCGGCGGCGGCGGCGGCGGCGGCGGCGGCGGCGGCGGCGGCGGCGGCGGCGGCGGCGGCGGCGGCGGCGGCGGCGGCGGCGGCGGCGGCGGCGGCGGCGGCGGCGGCGGCGGCGGCGGCGGCGGCGGCGGCGGCGGCGGCGGCGGCGGCGGCGGCGGCGGCGGCGGCGGCGGCGGCGGCGGCGGCGGCGGCGG,repeat RNA,Q06787,FMR1,297.0
PMID: 33523882,RNAPS0000462,Undefined,(CGG)8,24nt,CGGCGGCGGCGGCGGCGGCGGCGG,repeat RNA,Q06787,FMR1,24.0
PMID: 33621982,RNAPS0000471,RNA + protein,(UUUUUACUCCAA)4+UUUUUACUCC,58nt,UUUUUACUCCAAUUUUUACUCCAAUUUUUACUCCAAUUUUUACUCCAAUUUUUACUCC,repeat RNA,P31483,TIA-1,58.0
PMID: 32234784,RNAPS0000526,RNA + protein,(UG)12,24nt,UGUGUGUGUGUGUGUGUGUGUGUG,repeat RNA,Q14011,CIRBP,24.0
