,pmid,rpsid,pmidlink,components_type,rna_id,rna_id_interface,rnas,rna_length,rna_sequence,rna_classification,source,protein_sequence,protein_name,protein_region,protein_modification,protein_sequence_length,Uniprot ID,mark,link,IDR,low complexity domain,In_vitrovivo,solute_concentration,salt_concentration,buffer,temperature,incubation_time,other_requirement,detection_method,morphology,description,rna_length_num
0,PMID: 28562589,RNAPS0000353,https://pubmed.ncbi.nlm.nih.gov/28562589,RNA,-,-,(CAG)10,30nt,CAGCAGCAGCAGCAGCAGCAGCAGCAGCAG,repeat RNA,-,-,-,-,-,-,-,-,-,-,-,In vitro,25 nM RNA;|10mM[Tris][DNA],10mM MgCl2 100mM NaCl,pH7.0,RT,2 min,-,Confocal microscopy,liquid,"Consistent with  this valency dependence, we found that the formation of CAG/CUG  RNA clusters occurred only with more than 30 triplet repeats (Fig. 1c).  The intermolecular interactions between the transcripts potentially  could be competed out by shorter complementary antisense oligonucleotides (ASO).",30
1,PMID: 28562589,RNAPS0000354,https://pubmed.ncbi.nlm.nih.gov/28562589,RNA,-,-,(CAG)20,60nt,CAGCAGCAGCAGCAGCAGCAGCAGCAGCAGCAGCAGCAGCAGCAGCAGCAGCAGCAG,repeat RNA,-,-,-,-,-,-,-,-,-,-,-,In vitro,25 nM RNA;|10mM[Tris][DNA],10mM MgCl2 100mM NaCl,pH7.0,RT,2 min,-,Confocal microscopy,liquid,"Consistent with  this valency dependence, we found that the formation of CAG/CUG  RNA clusters occurred only with more than 30 triplet repeats (Fig. 1c).  The intermolecular interactions between the transcripts potentially  could be competed out by shorter complementary antisense oligonucleotides (ASO).",60
2,PMID: 28562589,RNAPS0000356,https://pubmed.ncbi.nlm.nih.gov/28562589,RNA,-,-,(CUG)20,60nt,CUGCUGCUGCUGCUGCUGCUGCUGCUGCUGCUGCUGCUGCUGCUGCUGCUGCUGCUG,repeat RNA,-,-,-,-,-,-,-,-,-,-,-,In vitro,25 nM RNA;|10mM[Tris][DNA],10mM MgCl2 100mM NaCl,pH7.0,RT,2 min,-,Confocal microscopy,liquid,"Consistent with  this valency dependence, we found that the formation of CAG/CUG  RNA clusters occurred only with more than 30 triplet repeats (Fig. 1c).  The intermolecular interactions between the transcripts potentially  could be competed out by shorter complementary antisense oligonucleotides (ASO).",60
3,PMID: 28562589,RNAPS0000357,https://pubmed.ncbi.nlm.nih.gov/28562589,RNA,-,-,(CAG)31,93nt,CAGCAGCAGCAGCAGCAGCAGCAGCAGCAGCAGCAGCAGCAGCAGCAGCAGCAGCAGCAGCAGCAGCAGCAGCAGCAGCAGCAGCAGCAGCAG,repeat RNA,-,-,-,-,-,-,-,-,-,-,-,In vitro,25 nM RNA;|10mM[Tris][DNA],10mM MgCl2 100mM NaCl,pH7.0,RT,2 min,-,Confocal microscopy,liquid,"Consistent with  this valency dependence, we found that the formation of CAG/CUG  RNA clusters occurred only with more than 30 triplet repeats (Fig. 1c).  The intermolecular interactions between the transcripts potentially  could be competed out by shorter complementary antisense oligonucleotides (ASO).",93
4,PMID: 28562589,RNAPS0000358,https://pubmed.ncbi.nlm.nih.gov/28562589,RNA,-,-,(CUG)31,93nt,CUGCUGCUGCUGCUGCUGCUGCUGCUGCUGCUGCUGCUGCUGCUGCUGCUGCUGCUGCUGCUGCUGCUGCUGCUGCUGCUGCUGCUGCUGCUG,repeat RNA,-,-,-,-,-,-,-,-,-,-,-,In vitro,25 nM RNA;|10mM[Tris][DNA],10mM MgCl2 100mM NaCl,pH7.0,RT,2 min,-,Confocal microscopy,liquid,"Consistent with  this valency dependence, we found that the formation of CAG/CUG  RNA clusters occurred only with more than 30 triplet repeats (Fig. 1c).  The intermolecular interactions between the transcripts potentially  could be competed out by shorter complementary antisense oligonucleotides (ASO).",93
5,PMID: 28562589,RNAPS0000359,https://pubmed.ncbi.nlm.nih.gov/28562589,RNA,-,-,(CAG)47,141nt,CAGCAGCAGCAGCAGCAGCAGCAGCAGCAGCAGCAGCAGCAGCAGCAGCAGCAGCAGCAGCAGCAGCAGCAGCAGCAGCAGCAGCAGCAGCAGCAGCAGCAGCAGCAGCAGCAGCAGCAGCAGCAGCAGCAGCAGCAGCAG,repeat RNA,-,-,-,-,-,-,-,-,-,-,-,In vitro,25 nM RNA;|10mM[Tris][DNA],10mM MgCl2 100mM NaCl,pH7.0,RT,2 min,-,Confocal microscopy,liquid,"Consistent with  this valency dependence, we found that the formation of CAG/CUG  RNA clusters occurred only with more than 30 triplet repeats (Fig. 1c).  The intermolecular interactions between the transcripts potentially  could be competed out by shorter complementary antisense oligonucleotides (ASO).",141
6,PMID: 28562589,RNAPS0000360,https://pubmed.ncbi.nlm.nih.gov/28562589,RNA,-,-,(CUG)47,141nt,CUGCUGCUGCUGCUGCUGCUGCUGCUGCUGCUGCUGCUGCUGCUGCUGCUGCUGCUGCUGCUGCUGCUGCUGCUGCUGCUGCUGCUGCUGCUGCUGCUGCUGCUGCUGCUGCUGCUGCUGCUGCUGCUGCUGCUGCUGCUG,repeat RNA,-,-,-,-,-,-,-,-,-,-,-,In vitro,25 nM RNA;|10mM[Tris][DNA],10mM MgCl2 100mM NaCl,pH7.0,RT,2 min,-,Confocal microscopy,liquid,"Consistent with  this valency dependence, we found that the formation of CAG/CUG  RNA clusters occurred only with more than 30 triplet repeats (Fig. 1c).  The intermolecular interactions between the transcripts potentially  could be competed out by shorter complementary antisense oligonucleotides (ASO).",141
7,PMID: 28562589,RNAPS0000114,https://pubmed.ncbi.nlm.nih.gov/28562589,RNA,-,-,(CAG)66,198nt,CAGCAGCAGCAGCAGCAGCAGCAGCAGCAGCAGCAGCAGCAGCAGCAGCAGCAGCAGCAGCAGCAGCAGCAGCAGCAGCAGCAGCAGCAGCAGCAGCAGCAGCAGCAGCAGCAGCAGCAGCAGCAGCAGCAGCAGCAGCAGCAGCAGCAGCAGCAGCAGCAGCAGCAGCAGCAGCAGCAGCAGCAGCAGCAGCAGCAG,repeat RNA,-,-,-,-,-,-,-,-,-,-,-,In vitro,25 nM RNA;|10mM[Tris][DNA],10mM MgCl2 100mM NaCl,pH7.0,RT,2 min,-,Confocal microscopy,liquid,"Consistent with this valency dependence, we found that the formation of CAG/CUG RNA clusters occurred only with more than 30 triplet repeats (Fig. 1c). The intermolecular interactions between the transcripts potentially could be competed out by shorter complementary antisense oligonucleotides (ASO).",198
8,PMID: 28562589,RNAPS0000115,https://pubmed.ncbi.nlm.nih.gov/28562589,RNA,-,-,(CUG)66,198nt,CUGCUGCUGCUGCUGCUGCUGCUGCUGCUGCUGCUGCUGCUGCUGCUGCUGCUGCUGCUGCUGCUGCUGCUGCUGCUGCUGCUGCUGCUGCUGCUGCUGCUGCUGCUGCUGCUGCUGCUGCUGCUGCUGCUGCUGCUGCUGCUGCUGCUGCUGCUGCUGCUGCUGCUGCUGCUGCUGCUGCUGCUGCUGCUGCUGCUG,repeat RNA,-,-,-,-,-,-,-,-,-,-,-,In vitro,25 nM RNA;|10mM[Tris][DNA],10mM MgCl2 100mM NaCl,pH7.0,RT,2 min,-,Confocal microscopy,liquid,"Consistent with this valency dependence, we found that the formation of CAG/CUG RNA clusters occurred only with more than 30 triplet repeats (Fig. 1c). The intermolecular interactions between the transcripts potentially could be competed out by shorter complementary antisense oligonucleotides (ASO).",198
9,PMID: 32301603,RNAPS0000381,https://pubmed.ncbi.nlm.nih.gov/32301603,RNA,-,-,(CAG)8,24nt,CAGCAGCAGCAGCAGCAGCAGCAG,repeat RNA,-,-,-,-,-,-,-,-,-,-,-,In vitro,10 µM [(CAG)8],"8 mM MgCl2, 60 mM KCl","40 mM Tris-HCl (pH 7.6), 0.05% Tween 20",37˚C,≤ 9 h,crowding agent:0wt % PEG8000 or 10 wt % PEG8000,Fluorescence microscopy,liquid,"Unexpectedly, two different trends closely related to the RNA structures were obtained. For repeats with hairpin structures that included r(CAG)8 and r(CUG)8, a few RNAs gelled to form large particles in the absence of PEG8000.",24
10,PMID: 32301603,RNAPS0000382,https://pubmed.ncbi.nlm.nih.gov/32301603,RNA,-,-,(CUG)8,24nt,CUGCUGCUGCUGCUGCUGCUGCUG,repeat RNA,-,-,-,-,-,-,-,-,-,-,-,In vitro,10 µM [(CUG)8],"8 mM MgCl2, 60 mM KCl","40 mM Tris-HCl (pH 7.6), 0.05% Tween 20",37˚C,≤ 9 h,crowding agent:0wt % PEG8000 or 10 wt % PEG8000,Fluorescence microscopy,liquid,"Unexpectedly, two different trends closely related to the RNA structures were obtained. For repeats with hairpin structures that included r(CAG)8 and r(CUG)8, a few RNAs gelled to form large particles in the absence of PEG8000.",24
11,PMID: 32301603,RNAPS0000383,https://pubmed.ncbi.nlm.nih.gov/32301603,RNA,-,-,(GGGGCC)8,48nt,GGGGCCGGGGCCGGGGCCGGGGCCGGGGCCGGGGCCGGGGCCGGGGCC,repeat RNA,-,-,-,-,-,-,-,-,-,-,-,In vitro,10 µM [(GGGGCC)8],"8 mM MgCl2, 60 mM KCl","40 mM Tris-HCl (pH 7.6), 0.05% Tween 20",37˚C,≤ 9 h,crowding agent:0wt % PEG8000 or 10 wt % PEG8000,Fluorescence microscopy,liquid,"Unexpectedly, two different trends closely related to the RNA structures were obtained. For repeats with hairpin structures that included r(CAG)8 and r(CUG)8, a few RNAs gelled to form large particles in the absence of PEG8000.",48
12,PMID: 32301603,RNAPS0000384,https://pubmed.ncbi.nlm.nih.gov/32301603,RNA,-,-,(GGGUUA)8,48nt,GGGUUAGGGUUAGGGUUAGGGUUAGGGUUAGGGUUAGGGUUAGGGUUA,repeat RNA,-,-,-,-,-,-,-,-,-,-,-,In vitro,10 µM [(GGGUUA)8],"8 mM MgCl2, 60 mM KCl","40 mM Tris-HCl (pH 7.6), 0.05% Tween 20",37˚C,≤ 9 h,crowding agent:0wt % PEG8000 or 10 wt % PEG8000,Fluorescence microscopy,liquid,"Unexpectedly, two different trends closely related to the RNA structures were obtained. For repeats with hairpin structures that included r(CAG)8 and r(CUG)8, a few RNAs gelled to form large particles in the absence of PEG8000.",48
13,PMID: 32301603,RNAPS0000385,https://pubmed.ncbi.nlm.nih.gov/32301603,Undefined,-,-,(GGGGCC)8,48nt,GGGGCCGGGGCCGGGGCCGGGGCCGGGGCCGGGGCCGGGGCCGGGGCC,repeat RNA,-,-,-,-,-,-,-,-,-,-,-,In vivo,-,-,-,RT,-,other molecular:10 μM channel inhibitor;cell:SH-SY5Y cells,"FISH,Confocal microscopy",gel,"Without r(GGGGCC)8 expression, punctate staining (BG4 foci) was not observed (Figure 6a). In contrast, with r(GGGGCC)8 expression, BG4 foci were observed in the cells (Figure 6b, yellow arrows). To confirm the localization of the BG4 foci, the nuclei were counterstained with DAPI . As a result, BG4 foci were found to be located in the nuclei and cytoplasm. Moreover, we added a potassium ion channel inhibitor of imipramine and monitored the BG4 foci after 24 h",48
14,PMID: 33523882,RNAPS0000461,https://pubmed.ncbi.nlm.nih.gov/33523882,Undefined,-,-,(CGG)99,297nt,CGGCGGCGGCGGCGGCGGCGGCGGCGGCGGCGGCGGCGGCGGCGGCGGCGGCGGCGGCGGCGGCGGCGGCGGCGGCGGCGGCGGCGGCGGCGGCGGCGGCGGCGGCGGCGGCGGCGGCGGCGGCGGCGGCGGCGGCGGCGGCGGCGGCGGCGGCGGCGGCGGCGGCGGCGGCGGCGGCGGCGGCGGCGGCGGCGGCGGCGGCGGCGGCGGCGGCGGCGGCGGCGGCGGCGGCGGCGGCGGCGGCGGCGGCGGCGGCGGCGGCGGCGGCGGCGGCGGCGGCGGCGGCGGCGGCGGCGG,repeat RNA,-,-,-,-,-,-,-,-,-,-,-,In vivo,-,-,-,RT,-,cell:Neuro-2a cells,FRAP,solid,"To test this hypothesis, we examined whether recombi nant FMRpolyG mutants could form liquid-like droplets. As we  expected, fluorescein-labeled FL and PolyG formed phase-separated  droplets, but the Cterm construct did not.We found that CX rhodamine–labeled CGG99  RNA could form fibril-like assemblies on its own in the same phase  separation condition, but CGG17 RNA did not",297
