index,Unnamed: 0,pmid,rpsid,pmidlink,components_type,rna_id,rna_id_interface,rnas,rna_length,rna_sequence,rna_classification,source,protein_sequence,protein_name,protein_region,protein_modification,protein_sequence_length,Uniprot ID,mark,link,IDR,low complexity domain,In_vitrovivo,solute_concentration,salt_concentration,buffer,temperature,incubation_time,other_requirement,detection_method,morphology,description,rna_length_num,A_ratio,U_ratio,G_ratio,C_ratio,GC_ratio,AU_ratio,kolmogorov_complexity,shannon_entropy
0,0,PMID: 24577897,RNAPS0000182,https://pubmed.ncbi.nlm.nih.gov/24577897,RNA,-,-,"15-mer oligonucleotides RNA (Jia,2014)",15nt,CCAGUCAGUCUACGC,irregular RNA,-,-,-,-,-,-,-,-,-,-,-,In vitro,5µMRNA,100 mM NaCl,50 mM Tris-Cl pH 8,RT,-,"crowding agent:16%dextran-sulfate 9-20 kDa,10%PEG 8 kDa",FRAP,liquid,"We acquired and analyzed fluorescence recovery data for fluorescently labeled RNA in droplets from four systems: 16% dextran/10% PEG ,25% DEAE?dextran/25 % PEG,16 % dextran-sulfate/10 % PEG,and 30mM ATP/2 % pLys(all percentages w/v).The sizes of droplets ranged from 1 to 5 μm in diameter, similar in size to proposed fatty acid vesicle based protocell model systems(Adamala and Szostak 2013a), up to 50–75 μm in diameter,similar in size to giant unilamellar vesicles.",15,0.2,0.2,0.2,0.4,0.5,1.0,12.6,0.3974937501201927
1,1,PMID: 24577897,RNAPS0000182,https://pubmed.ncbi.nlm.nih.gov/24577897,RNA,-,-,"15-mer oligonucleotides RNA (Jia,2014)",15nt,CCAGUCAGUCUACGC,irregular RNA,-,-,-,-,-,-,-,-,-,-,-,In vitro,5µMRNA,-,100 mM Tris-Cl pH 8,RT,-,"crowding agent:25%DEAE-dextran >500 kDa,25%PEG 8 kDa",FRAP,liquid,"We acquired and analyzed fluorescence recovery data for fluorescently labeled RNA in droplets from four systems: 16% dextran/10% PEG ,25% DEAE?dextran/25 % PEG,16 % dextran-sulfate/10 % PEG,and 30mM ATP/2 % pLys(all percentages w/v).The sizes of droplets ranged from 1 to 5 μm in diameter, similar in size to proposed fatty acid vesicle based protocell model systems(Adamala and Szostak 2013a), up to 50–75 μm in diameter,similar in size to giant unilamellar vesicles.",15,0.2,0.2,0.2,0.4,0.5,1.0,12.6,0.3974937501201927
2,2,PMID: 24577897,RNAPS0000182,https://pubmed.ncbi.nlm.nih.gov/24577897,RNA,-,-,"15-mer oligonucleotides RNA (Jia,2014)",15nt,CCAGUCAGUCUACGC,irregular RNA,-,-,-,-,-,-,-,-,-,-,-,In vitro,5µMRNA,-,100mM Tris-Cl pH 8,RT,-,"other_molecular:30mM ATP,2%pLys 4-15 kDa",FRAP,liquid,"We acquired and analyzed fluorescence recovery data for fluorescently labeled RNA in droplets from four systems: 16% dextran/10% PEG ,25% DEAE?dextran/25 % PEG,16 % dextran-sulfate/10 % PEG,and 30mM ATP/2 % pLys(all percentages w/v).The sizes of droplets ranged from 1 to 5 μm in diameter, similar in size to proposed fatty acid vesicle based protocell model systems(Adamala and Szostak 2013a), up to 50–75 μm in diameter,similar in size to giant unilamellar vesicles.",15,0.2,0.2,0.2,0.4,0.5,1.0,12.6,0.3974937501201927
3,3,PMID: 24577897,RNAPS0000182,https://pubmed.ncbi.nlm.nih.gov/24577897,RNA,-,-,"15-mer oligonucleotides RNA (Jia,2014)",15nt,CCAGUCAGUCUACGC,irregular RNA,-,-,-,-,-,-,-,-,-,-,-,In vitro,5µMRNA,100 mM NaCl,50 mM Tris-Cl pH 8,RT,-,"crowding agent:16%dextran-sulfate 9-20 kDa,10%PEG 8 kDa",FRAP,liquid,"We acquired and analyzed fluorescence recovery data for fluorescently labeled RNA in droplets from four systems: 16% dextran/10% PEG ,25% DEAE?dextran/25 % PEG,16 % dextran-sulfate/10 % PEG,and 30mM ATP/2 % pLys(all percentages w/v).The sizes of droplets ranged from 1 to 5 μm in diameter, similar in size to proposed fatty acid vesicle based protocell model systems(Adamala and Szostak 2013a), up to 50–75 μm in diameter,similar in size to giant unilamellar vesicles.",15,0.2,0.2,0.2,0.4,0.5,1.0,12.6,0.3974937501201927
4,4,PMID: 28562589,RNAPS0000353,https://pubmed.ncbi.nlm.nih.gov/28562589,RNA,-,-,(CAG)10,30nt,CAGCAGCAGCAGCAGCAGCAGCAGCAGCAG,repeat RNA,-,-,-,-,-,-,-,-,-,-,-,In vitro,25 nM RNA;|10mM[Tris][DNA],10mM MgCl2 100mM NaCl,pH7.0,RT,2 min,-,Confocal microscopy,liquid,"Consistent with  this valency dependence, we found that the formation of CAG/CUG  RNA clusters occurred only with more than 30 triplet repeats (Fig. 1c).  The intermolecular interactions between the transcripts potentially  could be competed out by shorter complementary antisense oligonucleotides (ASO).",30,0.3333333333333333,0.0,0.3333333333333333,0.3333333333333333,1.0,,13.44,0.50718800023077
5,5,PMID: 28562589,RNAPS0000354,https://pubmed.ncbi.nlm.nih.gov/28562589,RNA,-,-,(CAG)20,60nt,CAGCAGCAGCAGCAGCAGCAGCAGCAGCAGCAGCAGCAGCAGCAGCAGCAGCAGCAG,repeat RNA,-,-,-,-,-,-,-,-,-,-,-,In vitro,25 nM RNA;|10mM[Tris][DNA],10mM MgCl2 100mM NaCl,pH7.0,RT,2 min,-,Confocal microscopy,liquid,"Consistent with  this valency dependence, we found that the formation of CAG/CUG  RNA clusters occurred only with more than 30 triplet repeats (Fig. 1c).  The intermolecular interactions between the transcripts potentially  could be competed out by shorter complementary antisense oligonucleotides (ASO).",60,0.3333333333333333,0.0,0.3333333333333333,0.3333333333333333,1.0,,13.73076923076923,0.5181608175434552
6,6,PMID: 28562589,RNAPS0000356,https://pubmed.ncbi.nlm.nih.gov/28562589,RNA,-,-,(CUG)20,60nt,CUGCUGCUGCUGCUGCUGCUGCUGCUGCUGCUGCUGCUGCUGCUGCUGCUGCUGCUG,repeat RNA,-,-,-,-,-,-,-,-,-,-,-,In vitro,25 nM RNA;|10mM[Tris][DNA],10mM MgCl2 100mM NaCl,pH7.0,RT,2 min,-,Confocal microscopy,liquid,"Consistent with  this valency dependence, we found that the formation of CAG/CUG  RNA clusters occurred only with more than 30 triplet repeats (Fig. 1c).  The intermolecular interactions between the transcripts potentially  could be competed out by shorter complementary antisense oligonucleotides (ASO).",60,0.0,0.3333333333333333,0.3333333333333333,0.3333333333333333,1.0,,13.73076923076923,0.5181608175434552
7,7,PMID: 28562589,RNAPS0000357,https://pubmed.ncbi.nlm.nih.gov/28562589,RNA,-,-,(CAG)31,93nt,CAGCAGCAGCAGCAGCAGCAGCAGCAGCAGCAGCAGCAGCAGCAGCAGCAGCAGCAGCAGCAGCAGCAGCAGCAGCAGCAGCAGCAGCAGCAG,repeat RNA,-,-,-,-,-,-,-,-,-,-,-,In vitro,25 nM RNA;|10mM[Tris][DNA],10mM MgCl2 100mM NaCl,pH7.0,RT,2 min,-,Confocal microscopy,liquid,"Consistent with  this valency dependence, we found that the formation of CAG/CUG  RNA clusters occurred only with more than 30 triplet repeats (Fig. 1c).  The intermolecular interactions between the transcripts potentially  could be competed out by shorter complementary antisense oligonucleotides (ASO).",93,0.3333333333333333,0.0,0.3333333333333333,0.3333333333333333,1.0,,13.840909090909092,0.5223171877376531
8,8,PMID: 28562589,RNAPS0000358,https://pubmed.ncbi.nlm.nih.gov/28562589,RNA,-,-,(CUG)31,93nt,CUGCUGCUGCUGCUGCUGCUGCUGCUGCUGCUGCUGCUGCUGCUGCUGCUGCUGCUGCUGCUGCUGCUGCUGCUGCUGCUGCUGCUGCUGCUG,repeat RNA,-,-,-,-,-,-,-,-,-,-,-,In vitro,25 nM RNA;|10mM[Tris][DNA],10mM MgCl2 100mM NaCl,pH7.0,RT,2 min,-,Confocal microscopy,liquid,"Consistent with  this valency dependence, we found that the formation of CAG/CUG  RNA clusters occurred only with more than 30 triplet repeats (Fig. 1c).  The intermolecular interactions between the transcripts potentially  could be competed out by shorter complementary antisense oligonucleotides (ASO).",93,0.0,0.3333333333333333,0.3333333333333333,0.3333333333333333,1.0,,13.840909090909092,0.5223171877376531
9,9,PMID: 28562589,RNAPS0000359,https://pubmed.ncbi.nlm.nih.gov/28562589,RNA,-,-,(CAG)47,141nt,CAGCAGCAGCAGCAGCAGCAGCAGCAGCAGCAGCAGCAGCAGCAGCAGCAGCAGCAGCAGCAGCAGCAGCAGCAGCAGCAGCAGCAGCAGCAGCAGCAGCAGCAGCAGCAGCAGCAGCAGCAGCAGCAGCAGCAGCAGCAG,repeat RNA,-,-,-,-,-,-,-,-,-,-,-,In vitro,25 nM RNA;|10mM[Tris][DNA],10mM MgCl2 100mM NaCl,pH7.0,RT,2 min,-,Confocal microscopy,liquid,"Consistent with  this valency dependence, we found that the formation of CAG/CUG  RNA clusters occurred only with more than 30 triplet repeats (Fig. 1c).  The intermolecular interactions between the transcripts potentially  could be competed out by shorter complementary antisense oligonucleotides (ASO).",141,0.3333333333333333,0.0,0.3333333333333333,0.3333333333333333,1.0,,13.897058823529411,0.5244361215621458
10,10,PMID: 28562589,RNAPS0000360,https://pubmed.ncbi.nlm.nih.gov/28562589,RNA,-,-,(CUG)47,141nt,CUGCUGCUGCUGCUGCUGCUGCUGCUGCUGCUGCUGCUGCUGCUGCUGCUGCUGCUGCUGCUGCUGCUGCUGCUGCUGCUGCUGCUGCUGCUGCUGCUGCUGCUGCUGCUGCUGCUGCUGCUGCUGCUGCUGCUGCUGCUG,repeat RNA,-,-,-,-,-,-,-,-,-,-,-,In vitro,25 nM RNA;|10mM[Tris][DNA],10mM MgCl2 100mM NaCl,pH7.0,RT,2 min,-,Confocal microscopy,liquid,"Consistent with  this valency dependence, we found that the formation of CAG/CUG  RNA clusters occurred only with more than 30 triplet repeats (Fig. 1c).  The intermolecular interactions between the transcripts potentially  could be competed out by shorter complementary antisense oligonucleotides (ASO).",141,0.0,0.3333333333333333,0.3333333333333333,0.3333333333333333,1.0,,13.897058823529411,0.5244361215621458
11,11,PMID: 28562589,RNAPS0000114,https://pubmed.ncbi.nlm.nih.gov/28562589,RNA,-,-,(CAG)66,198nt,CAGCAGCAGCAGCAGCAGCAGCAGCAGCAGCAGCAGCAGCAGCAGCAGCAGCAGCAGCAGCAGCAGCAGCAGCAGCAGCAGCAGCAGCAGCAGCAGCAGCAGCAGCAGCAGCAGCAGCAGCAGCAGCAGCAGCAGCAGCAGCAGCAGCAGCAGCAGCAGCAGCAGCAGCAGCAGCAGCAGCAGCAGCAGCAGCAGCAG,repeat RNA,-,-,-,-,-,-,-,-,-,-,-,In vitro,25 nM RNA;|10mM[Tris][DNA],10mM MgCl2 100mM NaCl,pH7.0,RT,2 min,-,Confocal microscopy,liquid,"Consistent with this valency dependence, we found that the formation of CAG/CUG RNA clusters occurred only with more than 30 triplet repeats (Fig. 1c). The intermolecular interactions between the transcripts potentially could be competed out by shorter complementary antisense oligonucleotides (ASO).",198,0.3333333333333333,0.0,0.3333333333333333,0.3333333333333333,1.0,,13.927461139896373,0.5255834199282572
12,12,PMID: 28562589,RNAPS0000115,https://pubmed.ncbi.nlm.nih.gov/28562589,RNA,-,-,(CUG)66,198nt,CUGCUGCUGCUGCUGCUGCUGCUGCUGCUGCUGCUGCUGCUGCUGCUGCUGCUGCUGCUGCUGCUGCUGCUGCUGCUGCUGCUGCUGCUGCUGCUGCUGCUGCUGCUGCUGCUGCUGCUGCUGCUGCUGCUGCUGCUGCUGCUGCUGCUGCUGCUGCUGCUGCUGCUGCUGCUGCUGCUGCUGCUGCUGCUGCUGCUG,repeat RNA,-,-,-,-,-,-,-,-,-,-,-,In vitro,25 nM RNA;|10mM[Tris][DNA],10mM MgCl2 100mM NaCl,pH7.0,RT,2 min,-,Confocal microscopy,liquid,"Consistent with this valency dependence, we found that the formation of CAG/CUG RNA clusters occurred only with more than 30 triplet repeats (Fig. 1c). The intermolecular interactions between the transcripts potentially could be competed out by shorter complementary antisense oligonucleotides (ASO).",198,0.0,0.3333333333333333,0.3333333333333333,0.3333333333333333,1.0,,13.927461139896373,0.5255834199282572
13,13,PMID: 29483269,RNAPS0000145,https://pubmed.ncbi.nlm.nih.gov/29483269,RNA,-,-,polyA,-,-,poly RNA,-,-,-,-,-,-,-,-,-,-,-,In vitro,500 µg/mL homopolymers,750 mM NaCl,-,RT,-,crowding agent:10% PEG(MW3350),Laser scanning confocal microscopy,"solute, liquid","Evidence that non-Watson-Crick interactions can promote RNA self-assembly is that all four homopolymers self-assemble, with polyU forming rapidly relaxing droplets [as previously observed (32)], polyC forming slower relaxing droplets, polyA forming asymmetrical assemblies with very slow relaxation rates, and polyG forming an aggregate that is presumably based on G-quadruplexes (Fig. 2C and Fig. S4).",0,1.0,0.0,0.0,0.0,,,11.0,0.0
14,14,PMID: 29483269,RNAPS0000146,https://pubmed.ncbi.nlm.nih.gov/29483269,RNA,-,-,polyU,-,-,poly RNA,-,-,-,-,-,-,-,-,-,-,-,In vitro,500 µg/mL homopolymers,750 mM NaCl,-,RT,-,crowding agent:10% PEG(MW3350),Laser scanning confocal microscopy,"solute, liquid","Evidence that non-Watson-Crick interactions can promote RNA self-assembly is that all four homopolymers self-assemble, with polyU forming rapidly relaxing droplets [as previously observed (32)], polyC forming slower relaxing droplets, polyA forming asymmetrical assemblies with very slow relaxation rates, and polyG forming an aggregate that is presumably based on G-quadruplexes (Fig. 2C and Fig. S4).",0,0.0,1.0,0.0,0.0,,,11.0,0.0
15,15,PMID: 29483269,RNAPS0000147,https://pubmed.ncbi.nlm.nih.gov/29483269,RNA,-,-,polyG,-,-,poly RNA,-,-,-,-,-,-,-,-,-,-,-,In vitro,500 µg/mL homopolymers,750 mM NaCl,-,RT,-,crowding agent:10% PEG(MW3350),Laser scanning confocal microscopy,solid,"Evidence that non-Watson-Crick interactions can promote RNA self-assembly is that all four homopolymers self-assemble, with polyU forming rapidly relaxing droplets [as previously observed (32)], polyC forming slower relaxing droplets, polyA forming asymmetrical assemblies with very slow relaxation rates, and polyG forming an aggregate that is presumably based on G-quadruplexes (Fig. 2C and Fig. S4).",0,0.0,0.0,1.0,0.0,,,11.0,0.0
16,16,PMID: 29483269,RNAPS0000148,https://pubmed.ncbi.nlm.nih.gov/29483269,RNA,-,-,polyC,-,-,poly RNA,-,-,-,-,-,-,-,-,-,-,-,In vitro,500 µg/mL homopolymers,750 mM NaCl,-,RT,-,crowding agent:10% PEG(MW3350),Laser scanning confocal microscopy,"solute, liquid","Evidence that non-Watson-Crick interactions can promote RNA self-assembly is that all four homopolymers self-assemble, with polyU forming rapidly relaxing droplets [as previously observed (32)], polyC forming slower relaxing droplets, polyA forming asymmetrical assemblies with very slow relaxation rates, and polyG forming an aggregate that is presumably based on G-quadruplexes (Fig. 2C and Fig. S4).",0,0.0,0.0,0.0,1.0,,,11.0,0.0
17,17,PMID: 30926670,RNAPS0000276,https://pubmed.ncbi.nlm.nih.gov/30926670,RNA,-,-,polyrA,-,-,poly RNA,-,-,-,-,-,-,-,-,-,-,-,In vitro,2 µg/µL[poly-rA],10 mM MgCl2,"1x PBS,pH 7",RT,-,"crowding agent:,30%PEG","Microscopy,FRAP",liquid,"Under these conditions, poly-rA, poly-rC, and poly-rU form spherical, liquid-like droplets. However, poly-rA droplets fuse more slowly compared with poly-rU and poly-rC RNA droplets, implying a difference in the strengths of intradroplet interactions and the interfacial tension between the droplet and dispersed phases.",0,,,,,,,11.0,0.0
18,18,PMID: 30926670,RNAPS0000277,https://pubmed.ncbi.nlm.nih.gov/30926670,RNA,-,-,polyrU,-,-,poly RNA,-,-,-,-,-,-,-,-,-,-,-,In vitro,2 µg/µL[poly-rU],10 mM MgCl2,"1x PBS,pH 7",RT,-,"crowding agent:,30%PEG","Microscopy,FRAP",liquid,"Under these conditions, poly-rA, poly-rC, and poly-rU form spherical, liquid-like droplets. However, poly-rA droplets fuse more slowly compared with poly-rU and poly-rC RNA droplets, implying a difference in the strengths of intradroplet interactions and the interfacial tension between the droplet and dispersed phases.",0,,,,,,,11.0,0.0
19,19,PMID: 30926670,RNAPS0000278,https://pubmed.ncbi.nlm.nih.gov/30926670,RNA,-,-,polyrC,-,-,poly RNA,-,-,-,-,-,-,-,-,-,-,-,In vitro,2 µg/µL[poly-rC],10 mM MgCl2,"1x PBS,pH 7",RT,-,"crowding agent:,30%PEG","Microscopy,FRAP",liquid,"Under these conditions, poly-rA, poly-rC, and poly-rU form spherical, liquid-like droplets. However, poly-rA droplets fuse more slowly compared with poly-rU and poly-rC RNA droplets, implying a difference in the strengths of intradroplet interactions and the interfacial tension between the droplet and dispersed phases.",0,,,,,,,11.0,0.0
20,20,PMID: 32301603,RNAPS0000381,https://pubmed.ncbi.nlm.nih.gov/32301603,RNA,-,-,(CAG)8,24nt,CAGCAGCAGCAGCAGCAGCAGCAG,repeat RNA,-,-,-,-,-,-,-,-,-,-,-,In vitro,10 µM [(CAG)8],"8 mM MgCl2, 60 mM KCl","40 mM Tris-HCl (pH 7.6), 0.05% Tween 20",37˚C,≤ 9 h,crowding agent:0wt % PEG8000 or 10 wt % PEG8000,Fluorescence microscopy,liquid,"Unexpectedly, two different trends closely related to the RNA structures were obtained. For repeats with hairpin structures that included r(CAG)8 and r(CUG)8, a few RNAs gelled to form large particles in the absence of PEG8000.",24,0.3333333333333333,0.0,0.3333333333333333,0.3333333333333333,1.0,,13.263157894736842,0.500514473911944
21,21,PMID: 32301603,RNAPS0000382,https://pubmed.ncbi.nlm.nih.gov/32301603,RNA,-,-,(CUG)8,24nt,CUGCUGCUGCUGCUGCUGCUGCUG,repeat RNA,-,-,-,-,-,-,-,-,-,-,-,In vitro,10 µM [(CUG)8],"8 mM MgCl2, 60 mM KCl","40 mM Tris-HCl (pH 7.6), 0.05% Tween 20",37˚C,≤ 9 h,crowding agent:0wt % PEG8000 or 10 wt % PEG8000,Fluorescence microscopy,liquid,"Unexpectedly, two different trends closely related to the RNA structures were obtained. For repeats with hairpin structures that included r(CAG)8 and r(CUG)8, a few RNAs gelled to form large particles in the absence of PEG8000.",24,0.0,0.3333333333333333,0.3333333333333333,0.3333333333333333,1.0,,13.263157894736842,0.500514473911944
22,22,PMID: 32301603,RNAPS0000383,https://pubmed.ncbi.nlm.nih.gov/32301603,RNA,-,-,(GGGGCC)8,48nt,GGGGCCGGGGCCGGGGCCGGGGCCGGGGCCGGGGCCGGGGCCGGGGCC,repeat RNA,-,-,-,-,-,-,-,-,-,-,-,In vitro,10 µM [(GGGGCC)8],"8 mM MgCl2, 60 mM KCl","40 mM Tris-HCl (pH 7.6), 0.05% Tween 20",37˚C,≤ 9 h,crowding agent:0wt % PEG8000 or 10 wt % PEG8000,Fluorescence microscopy,liquid,"Unexpectedly, two different trends closely related to the RNA structures were obtained. For repeats with hairpin structures that included r(CAG)8 and r(CUG)8, a few RNAs gelled to form large particles in the absence of PEG8000.",48,0.0,0.0,0.6666666666666666,0.3333333333333333,2.0,,13.023255813953488,0.47099147318127726
23,23,PMID: 32301603,RNAPS0000384,https://pubmed.ncbi.nlm.nih.gov/32301603,RNA,-,-,(GGGUUA)8,48nt,GGGUUAGGGUUAGGGUUAGGGUUAGGGUUAGGGUUAGGGUUAGGGUUA,repeat RNA,-,-,-,-,-,-,-,-,-,-,-,In vitro,10 µM [(GGGUUA)8],"8 mM MgCl2, 60 mM KCl","40 mM Tris-HCl (pH 7.6), 0.05% Tween 20",37˚C,≤ 9 h,crowding agent:0wt % PEG8000 or 10 wt % PEG8000,Fluorescence microscopy,liquid,"Unexpectedly, two different trends closely related to the RNA structures were obtained. For repeats with hairpin structures that included r(CAG)8 and r(CUG)8, a few RNAs gelled to form large particles in the absence of PEG8000.",48,0.1666666666666666,0.3333333333333333,0.5,0.0,,0.5,13.674418604651162,0.45920033924511805
24,24,PMID: 32301603,RNAPS0000385,https://pubmed.ncbi.nlm.nih.gov/32301603,Undefined,-,-,(GGGGCC)8,48nt,GGGGCCGGGGCCGGGGCCGGGGCCGGGGCCGGGGCCGGGGCCGGGGCC,repeat RNA,-,-,-,-,-,-,-,-,-,-,-,In vivo,-,-,-,RT,-,other molecular:10 μM channel inhibitor;cell:SH-SY5Y cells,"FISH,Confocal microscopy",gel,"Without r(GGGGCC)8 expression, punctate staining (BG4 foci) was not observed (Figure 6a). In contrast, with r(GGGGCC)8 expression, BG4 foci were observed in the cells (Figure 6b, yellow arrows). To confirm the localization of the BG4 foci, the nuclei were counterstained with DAPI . As a result, BG4 foci were found to be located in the nuclei and cytoplasm. Moreover, we added a potassium ion channel inhibitor of imipramine and monitored the BG4 foci after 24 h",48,0.0,0.0,0.6666666666666666,0.3333333333333333,2.0,,13.023255813953488,0.47099147318127726
25,25,PMID: 33523882,RNAPS0000461,https://pubmed.ncbi.nlm.nih.gov/33523882,Undefined,-,-,(CGG)99,297nt,CGGCGGCGGCGGCGGCGGCGGCGGCGGCGGCGGCGGCGGCGGCGGCGGCGGCGGCGGCGGCGGCGGCGGCGGCGGCGGCGGCGGCGGCGGCGGCGGCGGCGGCGGCGGCGGCGGCGGCGGCGGCGGCGGCGGCGGCGGCGGCGGCGGCGGCGGCGGCGGCGGCGGCGGCGGCGGCGGCGGCGGCGGCGGCGGCGGCGGCGGCGGCGGCGGCGGCGGCGGCGGCGGCGGCGGCGGCGGCGGCGGCGGCGGCGGCGGCGGCGGCGGCGGCGGCGGCGGCGGCGGCGGCGGCGGCGGCGG,repeat RNA,-,-,-,-,-,-,-,-,-,-,-,In vivo,-,-,-,RT,-,cell:Neuro-2a cells,FRAP,solid,"To test this hypothesis, we examined whether recombi nant FMRpolyG mutants could form liquid-like droplets. As we  expected, fluorescein-labeled FL and PolyG formed phase-separated  droplets, but the Cterm construct did not.We found that CX rhodamine–labeled CGG99  RNA could form fibril-like assemblies on its own in the same phase  separation condition, but CGG17 RNA did not",297,0.0,0.0,0.6666666666666666,0.3333333333333333,2.0,,13.952054794520548,0.4805541669860831
26,26,PMID: 7816606,RNAPS0000481,https://pubmed.ncbi.nlm.nih.gov/7816606,Undefined,RNAcentral:URS000066A9F5_4113|URS00006A6BFA_4113|URS000072780D_4113|URS0000692EF9_4113|URS00006CA24C_4113|URS00006F92C1_4113|URS000072E50D_4113|URS00006C235B_4113,https://rnacentral.org/rna/URS000066A9F5/4113,U3,324nt(1-324),AUGGGCCCGCUUGAACAGGAUCUGUUCUAUAGGCUCGUACCACUGCAUCCUUGAUUUUUAAGGAGACAGGAAACCAAGUCUAGUGGAUGAUUCGUAGCCAUUAGACCGAUUUUUAAGGAGACAGGAAACCAAGUCUAGUGGAUGAUUCGUAGCCAUUAGACCGAUUUUUAAGGAGACAGGAAACCAAGUCUAGUGGAUGAUUCGUAGCCAUUAGACCAGAGCGUGAUUAAUAGCUUCCAUGAUCCUCGGGUCAUGGUGCCAUAGAUGAUCGUUCUUAACCUCGAUCAUGGGUGUUGAGAUGGUCUAAUGGUUGUCUGACAGACU,snoRNA,Solanum tuberosum,-,-,-,-,-,-,-,-,-,-,In vivo,-,-,-,-,-,organelle:Nucleolus;cell:Leaf|Ovule|Silk,"ISH,Epifluorescence microscopy",-,Control in situ hybridisations were carried out using oligonucleotides complementary to plant Ul snRNA and U3 snoRNA sequences and showed specific labelling to the nucleoplasm and nucleoli respectively.,324,0.2716049382716049,0.2808641975308642,0.2561728395061728,0.191358024691358,1.338709677419355,0.9670329670329668,13.890282131661442,0.46234614230719295
27,27,PMID: 7816606,RNAPS0000482,https://pubmed.ncbi.nlm.nih.gov/7816606,Undefined,RNAcentral:URS0000C51A3D_4577|URS0000C799C9_4577|URS0000C858BF_4577|URS0000C24973_4577|URS0000C1B330_4577|URS0000C7B170_4577|URS0000C11395_4577|URS0000C12A1A_4577|URS0000C437FE_4577|URS0000C56791_4577|URS0000C46268_4577|URS0000C51E36_4577|URS0000C62A71_4577|URS0000C364E6_4577|URS0000C5D392_4577|URS0000D72DCC_4577|URS0000C4B992_4577|URS0000D72ED8_4577|URS0000D745C3_4577|URS0000C328E5_4577|URS0000D744FD_4577|URS0000D74B79_4577,https://rnacentral.org/rna/URS0000C51A3D/4577,U3,269nt(1-269),ACGACCUUACUUGAACAGGAUCUGUUCUAUAGGAUCGUACCGUUGCAUCCUUGAUUAAUAAGGAGGCAAGCACUUAAGCCUGGUUGAUGUGUCAUGACCUUUGGGCCAGAGCGUGAUUAACGGCUAGGAUUGGCUCUGAUGUCAUGACCUUUGGGCCAGAGCGUGAUUAACGGCUAGGAUUGGCUCUGAUGCUUUGUCCUUAAGCUGUAGAGGAUCGUUCCCGUCAGGCUUGCUUGACUCGGGGUGGCCCAUAGGUUGUCUGACAGGCU,snoRNA,Zea mays,-,-,-,-,-,-,-,-,-,-,In vivo,-,-,-,-,-,organelle:Nucleolus;cell:Leaf|Ovule|Silk,"ISH,Epifluorescence microscopy",-,Control in situ hybridisations were carried out using oligonucleotides complementary to plant Ul snRNA and U3 snoRNA sequences and showed specific labelling to the nucleoplasm and nucleoli respectively.,269,0.2044609665427509,0.2936802973977695,0.2899628252788104,0.2118959107806691,1.368421052631579,0.6962025316455696,13.924242424242424,0.4662670140473233
28,28,PMID: 17135348,RNAPS0000485,https://pubmed.ncbi.nlm.nih.gov/17135348,Undefined,NCBI ID:100314052,https://www.ncbi.nlm.nih.gov/gene/100314052,rno-miR-206-3p,22nt(1-22),UGGAAUGUAAGGAAGUGUGUGG,miRNA,Rattus norvegicus,-,-,-,-,-,-,-,-,-,-,In vivo,-,-,-,-,-,organelle:Nucleolus;cell:Myogenic cells,"ISH,Immunostaining",-,"However, to our surprise, we also observed miR-206 to be concentrated in nucleoli.",22,0.2727272727272727,0.2727272727272727,0.4545454545454545,0.0,,1.0,12.823529411764707,0.46357071093278696
29,29,PMID: 18204908,RNAPS0000486,https://pubmed.ncbi.nlm.nih.gov/18204908,Undefined,NCBI ID:387198,https://www.ncbi.nlm.nih.gov/gene/387198,mmu-miR-202-3p,22nt(1-22),AGAGGUAUAGCGCAUGGGAAGA,miRNA,Mus musculus,-,-,-,-,-,-,-,-,-,-,In vivo,-,-,-,-,-,organelle:Nucleolus;cell:Spermatocytes,"ISH,Microarray,Northern blot",-,"This round mass contained little DNA and appeared in the surrounding DNA as a darker structure resembling the nucleolus. Other miRNAs tested miR-320, 20 and 202 exhibited similar patterns except that miR-320 localized to the Sertoli cell nucleolus and also displayed a diffuse pattern in the nucleus but not in the cytoplasm of germ cells (data not shown).",22,0.3636363636363636,0.1363636363636363,0.4090909090909091,0.0909090909090909,4.5,2.666666666666667,13.176470588235293,0.45376678936415954
30,30,PMID: 18204908,RNAPS0000487,https://pubmed.ncbi.nlm.nih.gov/18204908,Undefined,NCBI ID:723838,https://www.ncbi.nlm.nih.gov/gene/723838,mmu-miR-320-3p,22nt(1-22),AAAAGCUGGGUUGAGAGGGCGA,miRNA,Mus musculus,-,-,-,-,-,-,-,-,-,-,In vivo,-,-,-,-,-,organelle:Nucleolus;cell:Spermatocytes,"ISH,Microarray,Northern blot",-,"This round mass contained little DNA and appeared in the surrounding DNA as a darker structure resembling the nucleolus. Other miRNAs tested miR-320, 20 and 202 exhibited similar patterns except that miR-320 localized to the Sertoli cell nucleolus and also displayed a diffuse pattern in the nucleus but not in the cytoplasm of germ cells (data not shown).",22,0.3181818181818182,0.1363636363636363,0.4545454545454545,0.0909090909090909,5.0,2.333333333333333,13.058823529411764,0.43415894622690454
31,31,PMID: 18204908,RNAPS0000488,https://pubmed.ncbi.nlm.nih.gov/18204908,Undefined,NCBI ID:DQ548931,https://www.ncbi.nlm.nih.gov/nuccore/DQ548931,piR-mmu-48,30nt(1-30),UGCAAGUGUUCGGGUUGCUGACCGCAGAGG,piRNA,Mus musculus,-,-,-,-,-,-,-,-,-,-,In vivo,-,-,-,-,-,organelle:Nucleolus;cell:Sertoli cells,"ISH,Northern blot",-,"FISH analysis on testicular sections. piR-7 and piR-17080 are shown but the same pattern is apparent for piR-17005 and piR-17043. Similarly to miRNAs, piRNAs localize to the nucleolus of Sertoli cells (yellow arrow) as well as to the cytoplasm of spermatocytes.",30,0.1666666666666666,0.2333333333333333,0.4,0.2,2.0,0.7142857142857142,13.44,0.4519599167964748
32,32,PMID: 18204908,RNAPS0000489,https://pubmed.ncbi.nlm.nih.gov/18204908,Undefined,NCBI ID:DQ548893,https://www.ncbi.nlm.nih.gov/nuccore/DQ548893,piR-mmu-6,30nt(1-30),UGCAAGGUCGCAAGGUCGCAAGGUCGAGGU,piRNA,Mus musculus,-,-,-,-,-,-,-,-,-,-,In vivo,-,-,-,-,-,organelle:Nucleolus;cell:Sertoli cells,"ISH,Northern blot",-,"FISH analysis on testicular sections. piR-7 and piR-17080 are shown but the same pattern is apparent for piR-17005 and piR-17043. Similarly to miRNAs, piRNAs localize to the nucleolus of Sertoli cells (yellow arrow) as well as to the cytoplasm of spermatocytes.",30,0.2333333333333333,0.1666666666666666,0.4,0.2,2.0,1.4,13.44,0.4525915001634619
33,33,PMID: 18204908,RNAPS0000490,https://pubmed.ncbi.nlm.nih.gov/18204908,Undefined,NCBI ID:DQ539895,https://www.ncbi.nlm.nih.gov/nuccore/DQ539895,piR-mmu-67,32nt(1-32),AAAAAAAUGUACAGUGGUGACUACAUACUUGC,piRNA,Mus musculus,-,-,-,-,-,-,-,-,-,-,In vivo,-,-,-,-,-,organelle:Nucleolus;cell:Sertoli cells,"ISH,Northern blot",-,"FISH analysis on testicular sections. piR-7 and piR-17080 are shown but the same pattern is apparent for piR-17005 and piR-17043. Similarly to miRNAs, piRNAs localize to the nucleolus of Sertoli cells (yellow arrow) as well as to the cytoplasm of spermatocytes.",32,0.40625,0.25,0.1875,0.15625,1.2,1.625,13.185185185185185,0.39740092605057015
34,34,PMID: 18204908,RNAPS0000491,https://pubmed.ncbi.nlm.nih.gov/18204908,Undefined,NCBI ID:DQ723466,https://www.ncbi.nlm.nih.gov/nuccore/DQ723466,piR-mmu-88,31nt(1-31),UGCAAUCUAUUGGAGAGAAAGUUUCAGUUGC,piRNA,Mus musculus,-,-,-,-,-,-,-,-,-,-,In vivo,-,-,-,-,-,organelle:Nucleolus;cell:Sertoli cells,"ISH,Northern blot",-,"FISH analysis on testicular sections. piR-7 and piR-17080 are shown but the same pattern is apparent for piR-17005 and piR-17043. Similarly to miRNAs, piRNAs localize to the nucleolus of Sertoli cells (yellow arrow) as well as to the cytoplasm of spermatocytes.",31,0.2903225806451613,0.3225806451612903,0.2580645161290322,0.1290322580645161,2.0,0.9000000000000001,13.307692307692308,0.45550416683308725
35,35,PMID: 19628621,RNAPS0000492,https://pubmed.ncbi.nlm.nih.gov/19628621,Undefined,RNAcentral:URS00003DD6A1_10116,https://rnacentral.org/rna/URS00003DD6A1/10116,E2,64nt(1-64),AGUUGAGGUCACACGCUGGUCGAUGAACUCCUAAGUGUAGGUAGUGUGCUAAACGAGCGGCAAG,snoRNA,Rattus norvegicus,-,-,-,-,-,-,-,-,-,-,In vivo,-,-,-,-,-,organelle:Nucleolus;cell:L6 myoblasts,qRT-PCR,-,"Thus, a known snoRNA, E2, was present at highest levels in the nucleolus-enriched fraction, while a Ro small RNA family member, Y1 RNA, was detected at highest levels in the cytoplasmic fraction, as expected for this known cytoplasm-concentrated RNA species.",64,0.265625,0.21875,0.328125,0.1875,1.75,1.2142857142857142,13.694915254237289,0.45561363009425293
36,36,PMID: 23940654,RNAPS0000494,https://pubmed.ncbi.nlm.nih.gov/23940654,Undefined,NCBI ID:406910,https://www.ncbi.nlm.nih.gov/gene/406910,hsa-miR-125a-5p,24nt(1-24),UCCCUGAGACCCUUUAACCUGUGA,miRNA,Homo sapiens,-,-,-,-,-,-,-,-,-,-,In vivo,-,-,-,RT,-,organelle:Nucleolus;cell:HeLa cells,qRT-PCR,-,"Even under such stringent criteria, 11 miRNAs can be identified as miRNAs that are detectable in the nucleolus with very high levels of confidence (Figure 1D, Table S2). Since the detected nucleolar contents of many of these RNAs are very high, we termed these 11 miRNAs as “nucleolar miRNAs”.",24,0.2083333333333333,0.2916666666666667,0.1666666666666666,0.3333333333333333,0.5,0.7142857142857143,13.263157894736842,0.4513520834788297
37,37,PMID: 23940654,RNAPS0000495,https://pubmed.ncbi.nlm.nih.gov/23940654,Undefined,NCBI ID:100302236,https://www.ncbi.nlm.nih.gov/gene/100302236,hsa-miR-1260a,73nt(1-73),ACCUUUCCAGCUCAUCCCACCUCUGCCACCAAAACACUCAUCGCGGGGUCAGAGGGAGUGCCAAAAAAGGUAA,miRNA,Homo sapiens,-,-,-,-,-,-,-,-,-,-,In vivo,-,-,-,RT,-,organelle:Nucleolus;cell:HeLa cells,qRT-PCR,-,"Even under such stringent criteria, 11 miRNAs can be identified as miRNAs that are detectable in the nucleolus with very high levels of confidence (Figure 1D, Table S2). Since the detected nucleolar contents of many of these RNAs are very high, we termed these 11 miRNAs as “nucleolar miRNAs”.",73,0.3013698630136986,0.1643835616438356,0.2054794520547945,0.3287671232876712,0.625,1.8333333333333333,13.529411764705882,0.436781641156641
38,38,PMID: 23940654,RNAPS0000496,https://pubmed.ncbi.nlm.nih.gov/23940654,Undefined,NCBI ID:100302123,https://www.ncbi.nlm.nih.gov/gene/100302123,hsa-miR-1275,80nt(1-80),CCUCUGUGAGAAAGGGUGUGGGGGAGAGGCUGUCUUGUGUCUGUAAGUAUGCCAAACUUAUUUUCCCCAAGGCAGAGGGA,miRNA,Homo sapiens,-,-,-,-,-,-,-,-,-,-,In vivo,-,-,-,RT,-,organelle:Nucleolus;cell:HeLa cells,qRT-PCR,-,"Even under such stringent criteria, 11 miRNAs can be identified as miRNAs that are detectable in the nucleolus with very high levels of confidence (Figure 1D, Table S2). Since the detected nucleolar contents of many of these RNAs are very high, we termed these 11 miRNAs as “nucleolar miRNAs”.",80,0.225,0.2625,0.3375,0.175,1.9285714285714288,0.8571428571428571,13.533333333333333,0.46515821579024785
39,39,PMID: 23940654,RNAPS0000497,https://pubmed.ncbi.nlm.nih.gov/23940654,Undefined,NCBI ID:406966,https://www.ncbi.nlm.nih.gov/gene/406966,hsa-miR-191-5p,23nt(1-23),CAACGGAAUCCCAAAAGCAGCUG,miRNA,Homo sapiens,-,-,-,-,-,-,-,-,-,-,In vivo,-,-,-,RT,-,organelle:Nucleolus;cell:HeLa cells,"ISH,qRT-PCR,Confocal microscopy",-,"Even under such stringent criteria, 11 miRNAs can be identified as miRNAs that are detectable in the nucleolus with very high levels of confidence (Figure 1D, Table S2). Since the detected nucleolar contents of many of these RNAs are very high, we termed these 11 miRNAs as “nucleolar miRNAs”. Four nucleolar miRNAs; miR191, miR-484, miR-574-3p and miR-193b, were tested in our ISH experiments, and all four miRNAs exhibit strong nucleolar localisation (Figure 2A).",23,0.391304347826087,0.0869565217391304,0.217391304347826,0.3043478260869565,0.7142857142857142,4.5,13.0,0.4486494214498758
40,40,PMID: 23940654,RNAPS0000498,https://pubmed.ncbi.nlm.nih.gov/23940654,Undefined,NCBI ID:574455,https://www.ncbi.nlm.nih.gov/gene/574455,hsa-miR-193b-3p,22nt(1-22),AACUGGCCCUCAAAGUCCCGCU,miRNA,Homo sapiens,-,-,-,-,-,-,-,-,-,-,In vivo,-,-,-,RT,-,organelle:Nucleolus;cell:HeLa cells,"ISH,qRT-PCR,Confocal microscopy",-,"Even under such stringent criteria, 11 miRNAs can be identified as miRNAs that are detectable in the nucleolus with very high levels of confidence (Figure 1D, Table S2). Since the detected nucleolar contents of many of these RNAs are very high, we termed these 11 miRNAs as “nucleolar miRNAs”. Four nucleolar miRNAs; miR191, miR-484, miR-574-3p and miR-193b, were tested in our ISH experiments, and all four miRNAs exhibit strong nucleolar localisation (Figure 2A).",22,0.2272727272727272,0.1818181818181818,0.1818181818181818,0.4090909090909091,0.4444444444444444,1.25,13.176470588235293,0.4504349265907809
41,41,PMID: 23940654,RNAPS0000499,https://pubmed.ncbi.nlm.nih.gov/23940654,Undefined,NCBI ID:442920,https://www.ncbi.nlm.nih.gov/gene/442920,hsa-miR-196b-5p,22nt(1-22),UAGGUAGUUUCCUGUUGUUGGG,miRNA,Homo sapiens,-,-,-,-,-,-,-,-,-,-,In vivo,-,-,-,RT,-,organelle:Nucleolus;cell:HeLa cells,qRT-PCR,-,"Even under such stringent criteria, 11 miRNAs can be identified as miRNAs that are detectable in the nucleolus with very high levels of confidence (Figure 1D, Table S2). Since the detected nucleolar contents of many of these RNAs are very high, we termed these 11 miRNAs as “nucleolar miRNAs”.",22,0.0909090909090909,0.4545454545454545,0.3636363636363636,0.0909090909090909,4.0,0.2,13.176470588235293,0.44155980409125234
42,42,PMID: 23940654,RNAPS0000500,https://pubmed.ncbi.nlm.nih.gov/23940654,Undefined,NCBI ID:442909,https://www.ncbi.nlm.nih.gov/gene/442909,hsa-miR-342-3p,23nt(1-23),UCUCACACAGAAAUCGCACCCGU,miRNA,Homo sapiens,-,-,-,-,-,-,-,-,-,-,In vivo,-,-,-,RT,-,organelle:Nucleolus;cell:HeLa cells,qRT-PCR,-,"Even under such stringent criteria, 11 miRNAs can be identified as miRNAs that are detectable in the nucleolus with very high levels of confidence (Figure 1D, Table S2). Since the detected nucleolar contents of many of these RNAs are very high, we termed these 11 miRNAs as “nucleolar miRNAs”.",23,0.3043478260869565,0.1739130434782608,0.1304347826086956,0.391304347826087,0.3333333333333333,1.7500000000000002,13.0,0.42156782419426664
43,43,PMID: 23940654,RNAPS0000501,https://pubmed.ncbi.nlm.nih.gov/23940654,Undefined,NCBI ID:768216,https://www.ncbi.nlm.nih.gov/gene/768216,hsa-miR-454-3p,23nt(1-23),UAGUGCAAUAUUGCUUAUAGGGU,miRNA,Homo sapiens,-,-,-,-,-,-,-,-,-,-,In vivo,-,-,-,RT,-,organelle:Nucleolus;cell:HeLa cells,qRT-PCR,-,"Even under such stringent criteria, 11 miRNAs can be identified as miRNAs that are detectable in the nucleolus with very high levels of confidence (Figure 1D, Table S2). Since the detected nucleolar contents of many of these RNAs are very high, we termed these 11 miRNAs as “nucleolar miRNAs”.",23,0.2608695652173913,0.391304347826087,0.2608695652173913,0.0869565217391304,3.0,0.6666666666666666,13.222222222222221,0.44165972235576956
44,44,PMID: 23940654,RNAPS0000502,https://pubmed.ncbi.nlm.nih.gov/23940654,Undefined,NCBI ID:619553,https://www.ncbi.nlm.nih.gov/gene/619553,hsa-miR-484,79nt(1-79),AGCCUCGUCAGGCUCAGUCCCCUCCCGAUAAACCCCUAAAUAGGGACUUUCCCGGGGGGUGACCCUGGCUUUUUUGGCG,miRNA,Homo sapiens,-,-,-,-,-,-,-,-,-,-,In vivo,-,-,-,RT,-,organelle:Nucleolus;cell:HeLa cells,"ISH,qRT-PCR,Confocal microscopy",-,"Even under such stringent criteria, 11 miRNAs can be identified as miRNAs that are detectable in the nucleolus with very high levels of confidence (Figure 1D, Table S2). Since the detected nucleolar contents of many of these RNAs are very high, we termed these 11 miRNAs as “nucleolar miRNAs”. Four nucleolar miRNAs; miR191, miR-484, miR-574-3p and miR-193b, were tested in our ISH experiments, and all four miRNAs exhibit strong nucleolar localisation (Figure 2A).",79,0.1645569620253164,0.240506329113924,0.2658227848101265,0.3291139240506329,0.8076923076923077,0.6842105263157894,13.432432432432432,0.4309733257199014
45,45,PMID: 23940654,RNAPS0000503,https://pubmed.ncbi.nlm.nih.gov/23940654,Undefined,NCBI ID:693159,https://www.ncbi.nlm.nih.gov/gene/693159,hsa-miR-574-3p,22nt(1-22),CACGCUCAUGCACACACCCACA,miRNA,Homo sapiens,-,-,-,-,-,-,-,-,-,-,In vivo,-,-,-,RT,-,organelle:Nucleolus;cell:HeLa cells,"ISH,qRT-PCR,Confocal microscopy",-,"Even under such stringent criteria, 11 miRNAs can be identified as miRNAs that are detectable in the nucleolus with very high levels of confidence (Figure 1D, Table S2). Since the detected nucleolar contents of many of these RNAs are very high, we termed these 11 miRNAs as “nucleolar miRNAs”. Four nucleolar miRNAs; miR191, miR-484, miR-574-3p and miR-193b, were tested in our ISH experiments, and all four miRNAs exhibit strong nucleolar localisation (Figure 2A).",22,0.3181818181818182,0.0909090909090909,0.0909090909090909,0.5,0.1818181818181818,3.5,12.823529411764707,0.4374908090002833
46,46,PMID: 23940654,RNAPS0000504,https://pubmed.ncbi.nlm.nih.gov/23940654,Undefined,NCBI ID:407050,https://www.ncbi.nlm.nih.gov/gene/407050,hsa-miR-93-3p,80nt(1-80),CUGGGGGCUCCAAAGUGCUGUUCGUGCAGGUAGUGUGAUUACCCAACCUACUGCUGAGCUAGCACUUCCCGAGCCCCCGG,miRNA,Homo sapiens,-,-,-,-,-,-,-,-,-,-,In vivo,-,-,-,RT,-,"crowding agent:16%dextran 9-11 kDa,10%PEG 8 kDa",qRT-PCR,-,"Even under such stringent criteria, 11 miRNAs can be identified as miRNAs that are detectable in the nucleolus with very high levels of confidence (Figure 1D, Table S2). Since the detected nucleolar contents of many of these RNAs are very high, we termed these 11 miRNAs as “nucleolar miRNAs”.",80,0.175,0.225,0.2875,0.3125,0.92,0.7777777777777777,13.6,0.4433824036023968
47,47,PMID: 26979837,RNAPS0000509,https://pubmed.ncbi.nlm.nih.gov/26979837,Undefined,RNAcentral:URS0000D656E9_4896,https://rnacentral.org/rna/URS0000D656E9/4896,U3,256nt(1-256),AAUUCUUUGAAGGCAUGCUUUUCGAUUAGGUUUUUUACCUAAUUGUUUUGCUGUCUUUCUAUGCGAUGAUCUCUUACAUGAUAUGUUUCCUUUUGGUCGUAUUAUGUAGGGCAGCUGGUGUUUUCUGACGUGUUUAAUUUCAUCUAUUAUAUUACAACUGUGGUGUCGUUUGAUGACAUAGAUGUAAUUUCUAGAUGAAGUUGUGUCAUGUUUUAGCGUAGAUUUUAGUGAAUAAAUGAAACGAUUUCAAAUUCCG,snoRNA,Schizosaccharomyces pombe,-,-,-,-,-,-,-,-,-,-,In vivo,-,-,-,26˚C,-,organelle:Nucleolus;cell:S. pombe strains (UR471),"Fluorescence microscopy,RT-PCR",-,Visualization of U3 snoRNA localized in the nucleolus and F732 using the U1A-tag-GFP system.,256,0.23046875,0.4375,0.203125,0.12890625,1.5757575757575757,0.5267857142857143,13.784860557768924,0.4562967279320762
48,48,PMID: 27590598,RNAPS0000512,https://pubmed.ncbi.nlm.nih.gov/27590598,Undefined,RNAcentral:URS00003DD719_4577|URS0000135BDD_4577,https://rnacentral.org/rna/URS0000135BDD/4577,18S,111nt(1-111),CUCCUACCGAUUGAAUGGUCCGGUGAAGUGUUCGGAUCGCGGCGACGGGGGCGGUUCGCCGCCCCCGACGUCGCGAGAAGUCCAUUGAACCUUAUCAUUUAGAGGAAGGAG,rRNA,Zea mays,-,-,-,-,-,-,-,-,-,-,In vivo,-,-,-,RT,-,organelle:Nucleolus;cell:Leaves,FISH,-,"RNA-FISH was first performed to detect the transcripts derived from the 18S ribosomal RNA (rRNA) genes in maize. As expected, the 18S rRNA transcripts were localized exclusively in the nucleolus (Fig. 2a) and were co-localized with the 5S rRNA transcripts (Fig. 2b).",111,0.1981981981981982,0.2072072072072072,0.3333333333333333,0.2612612612612612,1.2758620689655171,0.9565217391304348,13.735849056603774,0.4576894758669297
49,49,PMID: 27590598,RNAPS0000513,https://pubmed.ncbi.nlm.nih.gov/27590598,Undefined,RNAcentral:URS000056EA56_4577,https://rnacentral.org/rna/URS000056EA56/4577,5S,119nt(1-119),GGAUGCGAUCAUACCAGCACUAAAGCACCGGAUCCCAUCAGAACUCCGAAGUUAAGCGUGCUUGGGCGAGAGUAGUACUAGGAUGGGUGACCUCCUGGGAAGUCCUCGUGUUGCAUUCC,rRNA,Zea mays,-,-,-,-,-,-,-,-,-,-,In vivo,-,-,-,RT,-,organelle:Nucleolus;cell:Leaves,FISH,-,"RNA-FISH was first performed to detect the transcripts derived from the 18S ribosomal RNA (rRNA) genes in maize. As expected, the 18S rRNA transcripts were localized exclusively in the nucleolus (Fig. 2a) and were co-localized with the 5S rRNA transcripts (Fig. 2b).",119,0.2436974789915966,0.2184873949579832,0.2857142857142857,0.2521008403361344,1.1333333333333333,1.1153846153846154,13.859649122807017,0.45951723333368544
50,50,PMID: 27707420,RNAPS0000514,https://pubmed.ncbi.nlm.nih.gov/27707420,Undefined,RNAcentral:URS00000FEF50_347515,https://rnacentral.org/rna/URS00000FEF50/347515,5S,123nt(1-123),CUUCGAGUACGACCACACUUGAGUGAAAACACCAUAUCCCGUCCGAUUUGUGAAGUUAAGCACUCACAGGCUCAGUUAGUACUGAGGUCAGUGAUGACUCGGGAACCCUGAGUGCCGUACUCC,rRNA,Leishmania major,-,-,-,-,-,-,-,-,-,-,In vivo,-,-,-,RT,-,other_molecular:0.5% BSA;organelle:Nucleolus;cell:Promastigotes,FISH,-,"In contrast, 5S rRNA transcripts in L. major were localized within the nucleolus, and scattered throughout the cytoplasm, where mature ribosomes are located.",123,0.2601626016260163,0.2357723577235772,0.2357723577235772,0.2682926829268293,0.8787878787878788,1.103448275862069,13.830508474576272,0.4607833334800097
51,51,PMID: 27708161,RNAPS0000515,https://pubmed.ncbi.nlm.nih.gov/27708161,Undefined,-,-,HID2,103nt(1-103),UUUGAGGAAAGUGAUGAUAUGAAAUUGUCGCCCCAGGCUUAAUCUGCAUCCAUUACGAUGGUUGUAACAUGGUGAUUGACUAUUUUUGUCUGAUUCUCUCAAA,snoRNA,Arabidopsis thaliana,-,-,-,-,-,-,-,-,-,-,In vivo,-,-,-,-,-,other_molecular:Digoxigenin;organelle:Nucleolus;cell:Proliferative tissue,ISH,-,"Nucleolus-localized HID2 is actively expressed in Arabidopsis proliferative tissues, whereas defects in HID2 cause a series of developmental defects reminiscent of ribosomal protein mutants.",103,0.2621359223300971,0.3592233009708738,0.2135922330097087,0.1650485436893204,1.2941176470588234,0.7297297297297297,13.704081632653061,0.4574845188969065
