index,pmid,rpsid,components_type,rnas,rna_length,rna_sequence,rna_classification,Uniprot ID,protein_name,rna_length_num
0,PMID: 22398450,RNAPS0000051,RNA + protein,(UCUCUAAAAA)5,50nt,UCUCUAAAAAUCUCUAAAAAUCUCUAAAAAUCUCUAAAAAUCUCUAAAAA,repeat RNA,P26599,PTBP1,50
1,PMID: 22579282,RNAPS0000052,RNA + protein,"MS2 hairpin RNA (Han,2012);|Saccharomyces cerevisiae tRNA",31nt;|-,UAGAAAACAUGAGGAUCACCCAUGUCUGCAG;|-,irregular RNA;|tRNA,P35637,FUS,31
2,PMID: 26015579,RNAPS0000090,RNA + protein,polyU(50),50nt,UUUUUUUUUUUUUUUUUUUUUUUUUUUUUUUUUUUUUUUUUUUUUUUUUU,poly RNA,D0PV95,laf-1,50
3,PMID: 26351690,RNAPS0000159,RNAs + protein,Caenorhabditis elegans rRNA,50nt,-,rRNA,Q22053,fib-1,50
5,PMID: 26406374,RNAPS0000173,RNA + protein,"a random oligonucleotide RNA (Molliex,2015)",44nt,GGGCCCCCGGGUACCGAGCUGCUAAUCAAAACAAAACAAAAGCU,irregular RNA,P09651,HNRNPA1,44
6,PMID: 26406374,RNAPS0000173,RNA + protein,"a random oligonucleotide RNA (Molliex,2015)",44nt,GGGCCCCCGGGUACCGAGCUGCUAAUCAAAACAAAACAAAAGCU,irregular RNA,P09651,HNRNPA1,44
7,PMID: 26406374,RNAPS0000173,RNA + protein,"a random oligonucleotide RNA (Molliex,2015)",44nt,GGGCCCCCGGGUACCGAGCUGCUAAUCAAAACAAAACAAAAGCU,irregular RNA,P09651,HNRNPA1,44
8,PMID: 26412307,RNAPS0000051,RNA + protein,(UCUCUAAAAA)5,50nt,UCUCUAAAAAUCUCUAAAAAUCUCUAAAAAUCUCUAAAAAUCUCUAAAAA,repeat RNA,P26599,PTBP1,50
9,PMID: 26412307,RNAPS0000175,RNA + protein,(UCUCUAAAAA)5,50nt,UCUCUAAAAAUCUCUAAAAAUCUCUAAAAAUCUCUAAAAAUCUCUAAAAA,repeat RNA,P39936,elF4GII,50
10,PMID: 26412307,RNAPS0000175,RNA + protein,(UCUCUAAAAA)5,50nt,UCUCUAAAAAUCUCUAAAAAUCUCUAAAAAUCUCUAAAAAUCUCUAAAAA,repeat RNA,P39936,elF4GII,50
11,PMID: 26412307,RNAPS0000176,RNA + protein,(UCUCUAAAAA)5,50nt,UCUCUAAAAAUCUCUAAAAAUCUCUAAAAAUCUCUAAAAAUCUCUAAAAA,repeat RNA,P35637,FUS,50
12,PMID: 26412307,RNAPS0000177,RNA + protein,(UCUCUAAAAA)5,50nt,UCUCUAAAAAUCUCUAAAAAUCUCUAAAAAUCUCUAAAAAUCUCUAAAAA,repeat RNA,P09651,HNRNPA1,50
13,PMID: 26412307,RNAPS0000179,RNA + protein,(UCUCUAAAAA)5,50nt,UCUCUAAAAAUCUCUAAAAAUCUCUAAAAAUCUCUAAAAAUCUCUAAAAA,repeat RNA,P40070,LSM4,50
14,PMID: 26412307,RNAPS0000367,RNA + protein,(UCUCUAAAAA)5,50nt,UCUCUAAAAAUCUCUAAAAAUCUCUAAAAAUCUCUAAAAAUCUCUAAAAA,repeat RNA,"P26599,P39936",PTBP1-TIF4632,50
15,PMID: 26412307,RNAPS0000369,RNA + protein,(UCUCUAAAAA)5,50nt,UCUCUAAAAAUCUCUAAAAAUCUCUAAAAAUCUCUAAAAAUCUCUAAAAA,repeat RNA,"P26599,P35637",PTBP1-FUS,50
16,PMID: 26412307,RNAPS0000369,RNA + protein,(UCUCUAAAAA)5,50nt,UCUCUAAAAAUCUCUAAAAAUCUCUAAAAAUCUCUAAAAAUCUCUAAAAA,repeat RNA,"P26599,P35637",PTBP1-FUS,50
17,PMID: 26412307,RNAPS0000369,RNA + protein,(UCUCUAAAAA)5,50nt,UCUCUAAAAAUCUCUAAAAAUCUCUAAAAAUCUCUAAAAAUCUCUAAAAA,repeat RNA,"P26599,P35637",PTBP1-FUS,50
18,PMID: 26412307,RNAPS0000369,RNA + protein,(UCUCUAAAAA)5,50nt,UCUCUAAAAAUCUCUAAAAAUCUCUAAAAAUCUCUAAAAAUCUCUAAAAA,repeat RNA,"P26599,P35637",PTBP1-FUS,50
19,PMID: 26412307,RNAPS0000369,RNA + protein,(UCUCUAAAAA)5,50nt,UCUCUAAAAAUCUCUAAAAAUCUCUAAAAAUCUCUAAAAAUCUCUAAAAA,repeat RNA,"P26599,P35637",PTBP1-FUS,50
20,PMID: 26412307,RNAPS0000369,RNA + protein,(UCUCUAAAAA)5,50nt,UCUCUAAAAAUCUCUAAAAAUCUCUAAAAAUCUCUAAAAAUCUCUAAAAA,repeat RNA,"P26599,P35637",PTBP1-FUS,50
21,PMID: 26412307,RNAPS0000048,RNA + protein,(UCUCUAAAAA)5,50nt,UCUCUAAAAAUCUCUAAAAAUCUCUAAAAAUCUCUAAAAAUCUCUAAAAA,repeat RNA,"P26599,P32588",PTBP1-PUB1,50
22,PMID: 26412307,RNAPS0000049,RNA + protein,(UCUCUAAAAA)5,50nt,UCUCUAAAAAUCUCUAAAAAUCUCUAAAAAUCUCUAAAAAUCUCUAAAAA,repeat RNA,P32588,PUB1,50
23,PMID: 26412307,RNAPS0000050,RNA + protein,"hnRNPA1_ligand RNA (Lin,2015)",46nt,UAGGGACUUAGGGUUCUCUCUAGGGACUUAGGGUUCUCUCUAGGGA,irregular RNA,P09651,HNRNPA1,46
24,PMID: 26412307,RNAPS0000050,RNA + protein,"hnRNPA1_ligand RNA (Lin,2015)",46nt,UAGGGACUUAGGGUUCUCUCUAGGGACUUAGGGUUCUCUCUAGGGA,irregular RNA,P09651,HNRNPA1,46
25,PMID: 26412307,RNAPS0000050,RNA + protein,"hnRNPA1_ligand RNA (Lin,2015)",46nt,UAGGGACUUAGGGUUCUCUCUAGGGACUUAGGGUUCUCUCUAGGGA,irregular RNA,P09651,HNRNPA1,46
70,PMID: 27212236,RNAPS0000058,RNA + protein,polyU(50),50nt,UUUUUUUUUUUUUUUUUUUUUUUUUUUUUUUUUUUUUUUUUUUUUUUUUU,poly RNA,Q22053,fib1,50
89,PMID: 27692063,RNAPS0000087,RNA + protein,polyU,-,-,poly RNA,P39517,DHH1,0
90,PMID: 27692063,RNAPS0000087,RNA + protein,polyU,-,-,poly RNA,P39517,DHH1,0
91,PMID: 27692063,RNAPS0000087,RNA + protein,polyU,-,-,poly RNA,P39517,DHH1,0
92,PMID: 27692063,RNAPS0000087,RNA + protein,polyU,-,-,poly RNA,P39517,DHH1,0
95,PMID: 27914198,RNAPS0000091,RNA + protein,polyU(30),30nt,UUUUUUUUUUUUUUUUUUUUUUUUUUUUUU,poly RNA,Q9TXM1,meg-3,30
96,PMID: 27914198,RNAPS0000091,RNA + protein,polyU(30),30nt,UUUUUUUUUUUUUUUUUUUUUUUUUUUUUU,poly RNA,Q9TXM1,meg-3,30
97,PMID: 28283059,RNAPS0000093,RNA + protein,polyA(19),19nt,AAAAAAAAAAAAAAAAAAA,poly RNA,P04147,Pab1,19
98,PMID: 28306503,RNAPS0000094,RNA + protein,polyU(30),30nt,UUUUUUUUUUUUUUUUUUUUUUUUUUUUUU,poly RNA,-,poly(proline−arginine)20,30
99,PMID: 28306503,RNAPS0000095,RNA + protein,polyU(30),30nt,UUUUUUUUUUUUUUUUUUUUUUUUUUUUUU,poly RNA,Q96LT7,C9orf72,30
100,PMID: 28306503,RNAPS0000095,RNA + protein,polyU(30),30nt,UUUUUUUUUUUUUUUUUUUUUUUUUUUUUU,poly RNA,Q96LT7,C9orf72,30
101,PMID: 28472520,RNAPS0000097,RNA + protein,(GA-rich U5)30,30nt,GGAGUGAGAGGAAGGAAGGGAAGAAAGAAG,nucleotide rich RNA,O94752,edc3,30
102,PMID: 28472520,RNAPS0000097,RNA + protein,(GA-rich U5)30,30nt,GGAGUGAGAGGAAGGAAGGGAAGAAAGAAG,nucleotide rich RNA,O94752,edc3,30
130,PMID: 28924037,RNAPS0000051,RNA + protein,(UCUCUAAAAA)5,50nt,UCUCUAAAAAUCUCUAAAAAUCUCUAAAAAUCUCUAAAAAUCUCUAAAAA,repeat RNA,P26599,PTBP1,50
131,PMID: 28924037,RNAPS0000369,RNA + protein,(UCUCUAAAAA)5,50nt,UCUCUAAAAAUCUCUAAAAAUCUCUAAAAAUCUCUAAAAAUCUCUAAAAA,repeat RNA,"P26599,P35637",PTBP1-FUS,50
134,PMID: 29064502,RNAPS0000124,RNA + protein,polyA(30),30nt,AAAAAAAAAAAAAAAAAAAAAAAAAAAAAA,poly RNA,D0PV95,laf-1,30
135,PMID: 29064502,RNAPS0000125,RNA + protein,polyA(15),15nt,AAAAAAAAAAAAAAA,poly RNA,D0PV95,laf-1,15
140,PMID: 29314832,RNAPS0000142,RNA + protein,luciferase_antisense_siRNA,21nt,UCGAAGUACUCAGCGUAAGUU,siRNA,-,50 aa pLys,21
141,PMID: 29314832,RNAPS0000143,RNA + protein,luciferase_dsRNA_siRNA,42nt,UCGAAGUACUCAGCGUAAGUUUUAGCUUCAUGAGUCGCAUUC,siRNA,-,50 aa pLys,42
142,PMID: 29425497,RNAPS0000051,RNA + protein,(UCUCUAAAAA)5,50nt,UCUCUAAAAAUCUCUAAAAAUCUCUAAAAAUCUCUAAAAAUCUCUAAAAA,repeat RNA,P26599,PTBP1,50
143,PMID: 29425497,RNAPS0000051,RNA + protein,(UCUCUAAAAA)5,50nt,UCUCUAAAAAUCUCUAAAAAUCUCUAAAAAUCUCUAAAAAUCUCUAAAAA,repeat RNA,P26599,PTBP1,50
144,PMID: 29425497,RNAPS0000051,RNA + protein,(UCUCUAAAAA)5,50nt,UCUCUAAAAAUCUCUAAAAAUCUCUAAAAAUCUCUAAAAAUCUCUAAAAA,repeat RNA,P26599,PTBP1,50
145,PMID: 29425497,RNAPS0000051,RNA + protein,(UCUCUAAAAA)5,50nt,UCUCUAAAAAUCUCUAAAAAUCUCUAAAAAUCUCUAAAAAUCUCUAAAAA,repeat RNA,P26599,PTBP1,50
146,PMID: 29425497,RNAPS0000369,RNA + protein,(UCUCUAAAAA)5,50nt,UCUCUAAAAAUCUCUAAAAAUCUCUAAAAAUCUCUAAAAAUCUCUAAAAA,repeat RNA,"P26599,P35637",PTBP1-FUS,50
147,PMID: 29425497,RNAPS0000048,RNA + protein,(UCUCUAAAAA)5,50nt,UCUCUAAAAAUCUCUAAAAAUCUCUAAAAAUCUCUAAAAAUCUCUAAAAA,repeat RNA,"P26599,P32588",PTBP1-PUB1,50
199,PMID: 29898402,RNAPS0000030,RNA + protein,SEC53,350nt(416-765),CUAUAAGUUGAAUAGUUCAGUCAAAAUUUUGACGGUGUCAUCAGGGGAUUGUACUGAAUGUCCGAUGGUUCUUUCAUCGACAAAAAUUUCGUAAUCGUUACCACCGACCAUAGUCUUGUCACCAAAGAAAUGAAUUUCCUUGAAACCAUCUUUUUCAACGUGUUGCAAACAGUAGGUCUUAUCCCAACCAGCGGGGAAAACGUCGAAAGAGAUUUGGCCACCAAUGGAGAAAGUCAAACCGUAGUCUGGGAAUUCCUUUUUCAAAGCUUCAACGAACUUGGCUCUGAUUUGGUGUUCCUUAUCGUAUCUUUCGAAUUCGUUUCUUUCCUCAGUAGAAGCAUUUCUACCAA,mRNA,P32588,PUB1,350
200,PMID: 29898402,RNAPS0000030,RNA + protein,SEC53,350nt(416-765),CUAUAAGUUGAAUAGUUCAGUCAAAAUUUUGACGGUGUCAUCAGGGGAUUGUACUGAAUGUCCGAUGGUUCUUUCAUCGACAAAAAUUUCGUAAUCGUUACCACCGACCAUAGUCUUGUCACCAAAGAAAUGAAUUUCCUUGAAACCAUCUUUUUCAACGUGUUGCAAACAGUAGGUCUUAUCCCAACCAGCGGGGAAAACGUCGAAAGAGAUUUGGCCACCAAUGGAGAAAGUCAAACCGUAGUCUGGGAAUUCCUUUUUCAAAGCUUCAACGAACUUGGCUCUGAUUUGGUGUUCCUUAUCGUAUCUUUCGAAUUCGUUUCUUUCCUCAGUAGAAGCAUUUCUACCAA,mRNA,P32588,PUB1,350
203,PMID: 30110628,RNAPS0000236,RNA + protein,(UC-rich A4)50,50nt,UUUAUUUCCUUCCUUCCUUCCUUCCUUCCUUCCUUCCUUCCCUCCUUCCU,nucleotide rich RNA,-,poly(R)4,50
204,PMID: 30110628,RNAPS0000236,RNA + protein,(UC-rich A4)50,50nt,UUUAUUUCCUUCCUUCCUUCCUUCCUUCCUUCCUUCCUUCCCUCCUUCCU,nucleotide rich RNA,-,poly(R)4,50
205,PMID: 30110628,RNAPS0000237,RNA + protein,(CU-rich)100,100nt,UCUGUCUCUGUCUUUGUCUCUCUCUCUCCCUCUCUGCCUGUCUCACUGUGUCUGUCUUCUGUCUUACUCUCUUUCUCUCCCCGUCUGUCUCUCUCUCUCU,nucleotide rich RNA,P05067,APP,100
206,PMID: 30110628,RNAPS0000237,RNA + protein,(CU-rich)100,100nt,UCUGUCUCUGUCUUUGUCUCUCUCUCUCCCUCUCUGCCUGUCUCACUGUGUCUGUCUUCUGUCUUACUCUCUUUCUCUCCCCGUCUGUCUCUCUCUCUCU,nucleotide rich RNA,P05067,APP,100
207,PMID: 30110628,RNAPS0000238,RNA + protein,(AG-rich U89)100,100nt,AGAGAGAGAGACAGAGAGAGACAGAGAGAGAGAGAGAGGAGGGAGAGAGAAAAAAGAAAGAAAAAAAGAAAAGAAAAGAAAGAGAAAAUGAAAGAAAAGG,nucleotide rich RNA,P05067,APP,100
208,PMID: 30110628,RNAPS0000238,RNA + protein,(AG-rich U89)100,100nt,AGAGAGAGAGACAGAGAGAGACAGAGAGAGAGAGAGAGGAGGGAGAGAGAAAAAAGAAAGAAAAAAAGAAAAGAAAAGAAAGAGAAAAUGAAAGAAAAGG,nucleotide rich RNA,P05067,APP,100
209,PMID: 30110628,RNAPS0000239,RNA + protein,(CU-rich)100,100nt,UCUGUCUCUGUCUUUGUCUCUCUCUCUCCCUCUCUGCCUGUCUCACUGUGUCUGUCUUCUGUCUUACUCUCUUUCUCUCCCCGUCUGUCUCUCUCUCUCU,nucleotide rich RNA,P05067,β-amyloid,100
210,PMID: 30110628,RNAPS0000239,RNA + protein,(CU-rich)100,100nt,UCUGUCUCUGUCUUUGUCUCUCUCUCUCCCUCUCUGCCUGUCUCACUGUGUCUGUCUUCUGUCUUACUCUCUUUCUCUCCCCGUCUGUCUCUCUCUCUCU,nucleotide rich RNA,P05067,β-amyloid,100
211,PMID: 30110628,RNAPS0000240,RNA + protein,(AG-rich U89)100,100nt,AGAGAGAGAGACAGAGAGAGACAGAGAGAGAGAGAGAGGAGGGAGAGAGAAAAAAGAAAGAAAAAAAGAAAAGAAAAGAAAGAGAAAAUGAAAGAAAAGG,nucleotide rich RNA,P05067,β-amyloid,100
212,PMID: 30110628,RNAPS0000240,RNA + protein,(AG-rich U89)100,100nt,AGAGAGAGAGACAGAGAGAGACAGAGAGAGAGAGAGAGGAGGGAGAGAGAAAAAAGAAAGAAAAAAAGAAAAGAAAAGAAAGAGAAAAUGAAAGAAAAGG,nucleotide rich RNA,P05067,β-amyloid,100
213,PMID: 30110628,RNAPS0000241,RNA + protein,"rIGS16RNA-Low complexity (Wang,2018)",50nt,CGAUUGAUUGCGAUCUCAAUUGCCUUUUAGCUUCAUUCAUACCCUGUUAU,irregular RNA,-,poly(R)4,50
214,PMID: 30110628,RNAPS0000242,RNA + protein,"High complexity-rIGSRNA2 (Wang,2018)",100nt,CCGGGAUUUCAGCCUUUAAAAGCGCGGGCCCUGCCACCUUUCGCUGUGGCCCUUACGCUCAGAAUGACGUGUCCUCUCUGCCGUAGGUUGACUCCUUGAG,irregular RNA,P05067,APP,100
215,PMID: 30110628,RNAPS0000243,RNA + protein,"High complexity-rIGSRNA2 (Wang,2018)",100nt,CCGGGAUUUCAGCCUUUAAAAGCGCGGGCCCUGCCACCUUUCGCUGUGGCCCUUACGCUCAGAAUGACGUGUCCUCUCUGCCGUAGGUUGACUCCUUGAG,irregular RNA,P05067,β-amyloid,100
216,PMID: 30110628,RNAPS0000244,RNA + protein,"UC RNA(Loughlin,2021)",100nt,CCGGCCCGCCUGGUCUUCUGUCUCUGCGCUCUGGUGACCUCAGCCUCCCAAAUAGCUGGGACUACAGGGAUCUCUUAAGCCCGGGAGGGAGAGGUUAACG,nucleotide rich RNA,P05067,APP,100
217,PMID: 30110628,RNAPS0000245,RNA + protein,"UC RNA(Loughlin,2021)",100nt,CCGGCCCGCCUGGUCUUCUGUCUCUGCGCUCUGGUGACCUCAGCCUCCCAAAUAGCUGGGACUACAGGGAUCUCUUAAGCCCGGGAGGGAGAGGUUAACG,nucleotide rich RNA,P05067,β-amyloid,100
218,PMID: 30197298,RNAPS0000246,RNA + protein,polyA,-,-,poly RNA,Q9A749,rne,0
219,PMID: 30197298,RNAPS0000246,RNA + protein,polyA,-,-,poly RNA,Q9A749,rne,0
220,PMID: 30197298,RNAPS0000246,RNA + protein,polyA,-,-,poly RNA,Q9A749,rne,0
221,PMID: 30197298,RNAPS0000246,RNA + protein,polyA,-,-,poly RNA,Q9A749,rne,0
222,PMID: 30197298,RNAPS0000246,RNA + protein,polyA,-,-,poly RNA,Q9A749,rne,0
223,PMID: 30197298,RNAPS0000246,RNA + protein,polyA,-,-,poly RNA,Q9A749,rne,0
229,PMID: 30442662,RNAPS0000254,RNA + protein,polyU(40),40nt,UUUUUUUUUUUUUUUUUUUUUUUUUUUUUUUUUUUUUUUU,poly RNA,P35637,FUS,40
230,PMID: 30648970,RNAPS0000087,RNA + protein,polyU,-,-,poly RNA,P39517,DHH1,0
231,PMID: 30648970,RNAPS0000087,RNA + protein,polyU,-,-,poly RNA,P39517,DHH1,0
232,PMID: 30648970,RNAPS0000257,RNA + protein,polyU,-,-,poly RNA,P25644,PAT1,0
233,PMID: 30648970,RNAPS0000257,RNA + protein,polyU,-,-,poly RNA,P25644,PAT1,0
234,PMID: 30648970,RNAPS0000257,RNA + protein,polyU,-,-,poly RNA,P25644,PAT1,0
237,PMID: 30765518,RNAPS0000261,RNA + protein,"sc1 G quadruplex RNA (Tsang,2019)",36nt,GCUGCGGUGUGGAAGGAGUGGUCGGGUUGCGCAGCG,irregular RNA,Q06787,FMR1,36
238,PMID: 30765518,RNAPS0000261,RNA + protein,"sc1 G quadruplex RNA (Tsang,2019)",36nt,GCUGCGGUGUGGAAGGAGUGGUCGGGUUGCGCAGCG,irregular RNA,Q06787,FMR1,36
239,PMID: 30765518,RNAPS0000261,RNA + protein,"sc1 G quadruplex RNA (Tsang,2019)",36nt,GCUGCGGUGUGGAAGGAGUGGUCGGGUUGCGCAGCG,irregular RNA,Q06787,FMR1,36
240,PMID: 30765518,RNAPS0000261,RNA + protein,"sc1 G quadruplex RNA (Tsang,2019)",36nt,GCUGCGGUGUGGAAGGAGUGGUCGGGUUGCGCAGCG,irregular RNA,Q06787,FMR1,36
241,PMID: 30765518,RNAPS0000261,RNA + protein,"sc1 G quadruplex RNA (Tsang,2019)",36nt,GCUGCGGUGUGGAAGGAGUGGUCGGGUUGCGCAGCG,irregular RNA,Q06787,FMR1,36
242,PMID: 30765518,RNAPS0000261,RNA + protein,"sc1 G quadruplex RNA (Tsang,2019)",36nt,GCUGCGGUGUGGAAGGAGUGGUCGGGUUGCGCAGCG,irregular RNA,Q06787,FMR1,36
243,PMID: 30765518,RNAPS0000261,RNA + protein,"sc1 G quadruplex RNA (Tsang,2019)",36nt,GCUGCGGUGUGGAAGGAGUGGUCGGGUUGCGCAGCG,irregular RNA,Q06787,FMR1,36
244,PMID: 30765518,RNAPS0000261,RNA + protein,"sc1 G quadruplex RNA (Tsang,2019)",36nt,GCUGCGGUGUGGAAGGAGUGGUCGGGUUGCGCAGCG,irregular RNA,Q06787,FMR1,36
245,PMID: 30765518,RNAPS0000261,RNA + protein,"sc1 G quadruplex RNA (Tsang,2019)",36nt,GCUGCGGUGUGGAAGGAGUGGUCGGGUUGCGCAGCG,irregular RNA,Q06787,FMR1,36
246,PMID: 30765518,RNAPS0000261,RNA + protein,"sc1 G quadruplex RNA (Tsang,2019)",36nt,GCUGCGGUGUGGAAGGAGUGGUCGGGUUGCGCAGCG,irregular RNA,Q06787,FMR1,36
247,PMID: 30765518,RNAPS0000261,RNA + protein,"sc1 G quadruplex RNA (Tsang,2019)",36nt,GCUGCGGUGUGGAAGGAGUGGUCGGGUUGCGCAGCG,irregular RNA,Q06787,FMR1,36
248,PMID: 30765518,RNAPS0000261,RNA + protein,"sc1 G quadruplex RNA (Tsang,2019)",36nt,GCUGCGGUGUGGAAGGAGUGGUCGGGUUGCGCAGCG,irregular RNA,Q06787,FMR1,36
249,PMID: 30765518,RNAPS0000261,RNA + protein,"sc1 G quadruplex RNA (Tsang,2019)",36nt,GCUGCGGUGUGGAAGGAGUGGUCGGGUUGCGCAGCG,irregular RNA,Q06787,FMR1,36
250,PMID: 30765518,RNAPS0000261,RNA + protein,"sc1 G quadruplex RNA (Tsang,2019)",36nt,GCUGCGGUGUGGAAGGAGUGGUCGGGUUGCGCAGCG,irregular RNA,Q06787,FMR1,36
251,PMID: 30765518,RNAPS0000261,RNA + protein,"sc1 G quadruplex RNA (Tsang,2019)",36nt,GCUGCGGUGUGGAAGGAGUGGUCGGGUUGCGCAGCG,irregular RNA,Q06787,FMR1,36
252,PMID: 30765518,RNAPS0000261,RNA + protein,"sc1 G quadruplex RNA (Tsang,2019)",36nt,GCUGCGGUGUGGAAGGAGUGGUCGGGUUGCGCAGCG,irregular RNA,Q06787,FMR1,36
253,PMID: 30765518,RNAPS0000261,RNA + protein,"sc1 G quadruplex RNA (Tsang,2019)",36nt,GCUGCGGUGUGGAAGGAGUGGUCGGGUUGCGCAGCG,irregular RNA,Q06787,FMR1,36
254,PMID: 30765518,RNAPS0000261,RNA + protein,"sc1 G quadruplex RNA (Tsang,2019)",36nt,GCUGCGGUGUGGAAGGAGUGGUCGGGUUGCGCAGCG,irregular RNA,Q06787,FMR1,36
255,PMID: 30765518,RNAPS0000261,RNA + protein,"sc1 G quadruplex RNA (Tsang,2019)",36nt,GCUGCGGUGUGGAAGGAGUGGUCGGGUUGCGCAGCG,irregular RNA,Q06787,FMR1,36
256,PMID: 30765518,RNAPS0000261,RNA + protein,"sc1 G quadruplex RNA (Tsang,2019)",36nt,GCUGCGGUGUGGAAGGAGUGGUCGGGUUGCGCAGCG,irregular RNA,Q06787,FMR1,36
257,PMID: 30765518,RNAPS0000261,RNA + protein,"sc1 G quadruplex RNA (Tsang,2019)",36nt,GCUGCGGUGUGGAAGGAGUGGUCGGGUUGCGCAGCG,irregular RNA,Q06787,FMR1,36
258,PMID: 30765518,RNAPS0000261,RNA + protein,"sc1 G quadruplex RNA (Tsang,2019)",36nt,GCUGCGGUGUGGAAGGAGUGGUCGGGUUGCGCAGCG,irregular RNA,Q06787,FMR1,36
259,PMID: 30765518,RNAPS0000261,RNA + protein,"sc1 G quadruplex RNA (Tsang,2019)",36nt,GCUGCGGUGUGGAAGGAGUGGUCGGGUUGCGCAGCG,irregular RNA,Q06787,FMR1,36
260,PMID: 30765518,RNAPS0000263,RNAs + protein,"sc1 G quadruplex RNA (Tsang,2019);|miR-125b",36nt;|22nt(1-22),GCUGCGGUGUGGAAGGAGUGGUCGGGUUGCGCAGCG;|UCACAAGUUAGGGUCUCAGGGA,irregular RNA;|miRNA,Q06787,FMR1,36
261,PMID: 30765518,RNAPS0000264,RNA + protein,polyA,-,-,poly RNA,Q06787,FMR1,0
262,PMID: 30765518,RNAPS0000265,RNA + protein,polyU,-,-,poly RNA,Q06787,FMR1,0
263,PMID: 30765518,RNAPS0000266,RNA + protein,polyC,-,-,poly RNA,Q06787,FMR1,0
264,PMID: 30765518,RNAPS0000267,RNA + protein,polyG,-,-,poly RNA,Q06787,FMR1,0
282,PMID: 30926670,RNAPS0000272,RNA + protein,polyrU,-,-,poly RNA,-,poly(proline−arginine)30,0
283,PMID: 30926670,RNAPS0000272,RNA + protein,polyrU,-,-,poly RNA,-,poly(proline−arginine)30,0
284,PMID: 30926670,RNAPS0000273,RNA + protein,polyrA,-,-,poly RNA,-,poly(proline−arginine)30,0
285,PMID: 30926670,RNAPS0000274,RNA + protein,polyrC,-,-,poly RNA,-,poly(proline−arginine)30,0
286,PMID: 30926670,RNAPS0000275,RNA + protein,polyrG,-,-,poly RNA,-,poly(proline−arginine)30,0
287,PMID: 30926670,RNAPS0000279,RNA + protein,polyrA,-,-,poly RNA,-,poly(proline-lysine)30,0
288,PMID: 30926670,RNAPS0000280,RNA + protein,polyrU,-,-,poly RNA,-,poly(proline-lysine)30,0
289,PMID: 30926670,RNAPS0000281,RNA + protein,polyrC,-,-,poly RNA,-,poly(proline-lysine)30,0
310,PMID: 33290746,RNAPS0000420,RNA + protein,"H20 RNA(Chen,2020)",20nt,AGAUUCAACUGGCAGUAACC,irregular RNA,P0DTC9,SARS-CoV-2 Nucleoprotein,20
312,PMID: 31188823,RNAPS0000300,RNA + protein,"12-mer RNA (Kang,2019)",12nt,UAGUUUGGUGAU,irregular RNA,P35637,FUS,12
313,PMID: 31188823,RNAPS0000300,RNA + protein,"12-mer RNA (Kang,2019)",12nt,UAGUUUGGUGAU,irregular RNA,P35637,FUS,12
314,PMID: 31188823,RNAPS0000300,RNA + protein,"12-mer RNA (Kang,2019)",12nt,UAGUUUGGUGAU,irregular RNA,P35637,FUS,12
315,PMID: 31188823,RNAPS0000300,RNA + protein,"12-mer RNA (Kang,2019)",12nt,UAGUUUGGUGAU,irregular RNA,P35637,FUS,12
316,PMID: 31188823,RNAPS0000300,RNA + protein,"12-mer RNA (Kang,2019)",12nt,UAGUUUGGUGAU,irregular RNA,P35637,FUS,12
317,PMID: 31188823,RNAPS0000300,RNA + protein,"12-mer RNA (Kang,2019)",12nt,UAGUUUGGUGAU,irregular RNA,P35637,FUS,12
318,PMID: 31188823,RNAPS0000300,RNA + protein,"12-mer RNA (Kang,2019)",12nt,UAGUUUGGUGAU,irregular RNA,P35637,FUS,12
346,PMID: 31292544,RNAPS0000315,RNA + protein,"m6A RNA(Ries,2019)",65nt,CCAGAGCCAGAACCAGAGACCAGAAACCAGAACCAGAACCAGAAGCCAGAGCCAGAAACCAGA,irregular RNA,Q9Y5A9,YTHDF2,65
347,PMID: 31292544,RNAPS0000315,RNA + protein,"m6A RNA(Ries,2019)",65nt,CCUGAGCCUGAACCUGAGACCUGAAACCUGAACCUGAACCUGAAGCCUGAGCCUGAAACCUGA,irregular RNA,Q9Y5A9,YTHDF2,65
348,PMID: 31334587,RNAPS0000087,RNA + protein,polyU,-,-,poly RNA,P39517,DHH1,0
349,PMID: 31435012,RNAPS0000087,RNA + protein,polyU,-,-,poly RNA,P39517,DHH1,0
350,PMID: 31435012,RNAPS0000087,RNA + protein,polyU,-,-,poly RNA,P39517,DHH1,0
351,PMID: 31435012,RNAPS0000087,RNA + protein,polyU,-,-,poly RNA,P39517,DHH1,0
352,PMID: 31435012,RNAPS0000087,RNA + protein,polyU,-,-,poly RNA,P39517,DHH1,0
353,PMID: 31435012,RNAPS0000087,RNA + protein,polyU,-,-,poly RNA,P39517,DHH1,0
354,PMID: 31435012,RNAPS0000087,RNA + protein,polyU,-,-,poly RNA,P39517,DHH1,0
355,PMID: 31435012,RNAPS0000326,RNA + protein,polyU,-,-,poly RNA,P06634,DED1,0
356,PMID: 31435012,RNAPS0000327,RNA + protein,polyU,-,-,poly RNA,P24784,DBP1,0
357,PMID: 31435012,RNAPS0000328,RNA + protein,polyU,-,-,poly RNA,P24783,DBP2,0
358,PMID: 31435012,RNAPS0000329,RNA + protein,polyU,-,-,poly RNA,P60842,EIF4A1,0
359,PMID: 31435012,RNAPS0000330,RNA + protein,polyU,-,-,poly RNA,Q07478,SUB2,0
360,PMID: 31435012,RNAPS0000331,RNA + protein,polyU,-,-,poly RNA,P20449,DBP5,0
361,PMID: 31435012,RNAPS0000332,RNA + protein,polyU,-,-,poly RNA,P26196,DDX6,0
362,PMID: 31435012,RNAPS0000333,RNA + protein,polyU,-,-,poly RNA,O00571,DDX3X,0
363,PMID: 31435012,RNAPS0000334,RNA + protein,polyU,-,-,poly RNA,P21693,dbpA,0
364,PMID: 31435012,RNAPS0000335,RNA + protein,polyU,-,-,poly RNA,P0A8J8,RhlB,0
365,PMID: 31435012,RNAPS0000336,RNA + protein,polyU,-,-,poly RNA,P0A9P6,DeaD,0
366,PMID: 31435012,RNAPS0000337,RNA + protein,polyU,-,-,poly RNA,P21507,SrmB,0
367,PMID: 31435012,RNAPS0000338,RNA + protein,polyU,-,-,poly RNA,P25888,RhlE,0
368,PMID: 31586050,RNAPS0000339,RNA + protein,(GA-rich)30,30nt,GGAGGAGAGGAAGGUAAGGGAAGAAAGAAG,nucleotide rich RNA,Q96F86,EDC3,30
369,PMID: 31630970,RNAPS0000340,RNA + protein,polyrU(40),40nt,UUUUUUUUUUUUUUUUUUUUUUUUUUUUUUUUUUUUUUUU,poly RNA,P35637,FUS,40
370,PMID: 31677973,RNAPS0000342,RNA + protein,"MajSAT RNA (Huo,2020)",231nt,GGACCUGGAAUAUGGCGAGAAAACUGAAAAUCACGGAAAAUGAGAAAUACACACUUUAGGACGUGAAAUAUGGCGAGGAAAACUGAAAAAGGUGGAAAAUUUAGAAAUGUCCACUGUAGGUCGUGGAAUAUGGCAAGAAAACUGAAAAUCAUGGAAAAUGAGAAACAUCCACUUGACGACUUGAAAAAUGACGAAAUCACUAAAAAACGUGAAAAAUGAGAAAUGCACACUGAA,irregular RNA,Q15424,SAFB,231
371,PMID: 31677973,RNAPS0000343,RNA + protein,"U1 RNA (Huo,2020)",156nt,AUACUUACCUGGCAGGGGAGAUACCAUGAUCACGAAGGUGGUUUUCCCAGGGCGAGGCUUAUCCAUUGCACUCCGGAUGUGCUGACCCCUGCGAUUUCCCCAAAUGCGGGAAACUCGACUGCAUAAUUUGUGGUAGUGGGGGACUGCGUUCGCGCU,irregular RNA,Q15424,SAFB,156
373,PMID: 31975687,RNAPS0000039,RNA + protein,polyU(30),30nt,UUUUUUUUUUUUUUUUUUUUUUUUUUUUUU,poly RNA,Q9TXM1,meg-3,30
382,PMID: 31975687,RNAPS0000091,RNA + protein,polyU(30),30nt,UUUUUUUUUUUUUUUUUUUUUUUUUUUUUU,poly RNA,Q9TXM1,meg-3,30
383,PMID: 31975687,RNAPS0000377,RNA + protein,polyU(100),100nt,UUUUUUUUUUUUUUUUUUUUUUUUUUUUUUUUUUUUUUUUUUUUUUUUUUUUUUUUUUUUUUUUUUUUUUUUUUUUUUUUUUUUUUUUUUUUUUUUUUUU,poly RNA,Q9TXM1,meg-3,100
384,PMID: 31975687,RNAPS0000378,RNA + protein,polyU(200),200nt,UUUUUUUUUUUUUUUUUUUUUUUUUUUUUUUUUUUUUUUUUUUUUUUUUUUUUUUUUUUUUUUUUUUUUUUUUUUUUUUUUUUUUUUUUUUUUUUUUUUUUUUUUUUUUUUUUUUUUUUUUUUUUUUUUUUUUUUUUUUUUUUUUUUUUUUUUUUUUUUUUUUUUUUUUUUUUUUUUUUUUUUUUUUUUUUUUUUUUUUU,poly RNA,Q9TXM1,meg-3,200
385,PMID: 31975687,RNAPS0000379,RNA + protein,polyU(300),300nt,UUUUUUUUUUUUUUUUUUUUUUUUUUUUUUUUUUUUUUUUUUUUUUUUUUUUUUUUUUUUUUUUUUUUUUUUUUUUUUUUUUUUUUUUUUUUUUUUUUUUUUUUUUUUUUUUUUUUUUUUUUUUUUUUUUUUUUUUUUUUUUUUUUUUUUUUUUUUUUUUUUUUUUUUUUUUUUUUUUUUUUUUUUUUUUUUUUUUUUUUUUUUUUUUUUUUUUUUUUUUUUUUUUUUUUUUUUUUUUUUUUUUUUUUUUUUUUUUUUUUUUUUUUUUUUUUUUUUUUUUUUUUUUUUUUUUUUUUUUUU,poly RNA,Q9TXM1,meg-3,300
387,PMID: 32513655,RNAPS0000391,RNA + protein,polyA(15),15nt,AAAAAAAAAAAAAAA,poly RNA,"P25644;Q12517,P53550 ",PAT1;|Dcp1-Dcp2,15
388,PMID: 32513655,RNAPS0000391,RNA + protein,polyA(15),15nt,AAAAAAAAAAAAAAA,poly RNA,P25644,PAT1,15
389,PMID: 32561643,RNAPS0000392,RNA + protein,polyU,-,-,poly RNA,-,Precursor-Orn,0
390,PMID: 32561643,RNAPS0000393,RNA + protein,polyU,-,-,poly RNA,-,Precursor-Arg,0
391,PMID: 32561643,RNAPS0000394,RNA + protein,polyU,-,-,poly RNA,-,all residues except arginine(Scrambled),0
392,PMID: 32561643,RNAPS0000395,RNA + protein,polyU,-,-,poly RNA,-,Precursor-Arg(Scrambled),0
411,PMID: 32637943,RNAPS0000405,RNA + protein,SARS-CoV-2 virus RNA,318nt(PS-318),UAGCUUGUGCUGGUCCCUUUGAAGGUGUUAGACCUUUGACUGAACCUUCUGUUAUUAAAACACCAUUACGGGCGUUUCUAAAAAGGUCUACCUGUCCUUCCACUCUACCAUCAAACAAGACAGUAAGUGAAGAACAAGCACUCUCAGUAGGUUUCUUGGCAAUGUCAGUCAUUGUGCAGACACCUAUUGUAGAUACAUGUGCUGGGGCUUCUCUUUUGUAGUCCCAGAUGUACAGUAUUAGCAGCGAUAUCAACACCCAAAUUAUUGAGUAUCUUAAUCUCUGGCACUGGUUUAAUGUUACGCUUAGCCCAAAGCUCA,virus RNA,P0DTC9,SARS-CoV-2 Nucleoprotein,318
412,PMID: 32637943,RNAPS0000405,RNA + protein,SARS-CoV-2 virus RNA,318nt(PS-318),UAGCUUGUGCUGGUCCCUUUGAAGGUGUUAGACCUUUGACUGAACCUUCUGUUAUUAAAACACCAUUACGGGCGUUUCUAAAAAGGUCUACCUGUCCUUCCACUCUACCAUCAAACAAGACAGUAAGUGAAGAACAAGCACUCUCAGUAGGUUUCUUGGCAAUGUCAGUCAUUGUGCAGACACCUAUUGUAGAUACAUGUGCUGGGGCUUCUCUUUUGUAGUCCCAGAUGUACAGUAUUAGCAGCGAUAUCAACACCCAAAUUAUUGAGUAUCUUAAUCUCUGGCACUGGUUUAAUGUUACGCUUAGCCCAAAGCUCA,virus RNA,P0DTC9,SARS-CoV-2 Nucleoprotein,318
413,PMID: 32637943,RNAPS0000405,RNA + protein,SARS-CoV-2 virus RNA,318nt(PS-318),UAGCUUGUGCUGGUCCCUUUGAAGGUGUUAGACCUUUGACUGAACCUUCUGUUAUUAAAACACCAUUACGGGCGUUUCUAAAAAGGUCUACCUGUCCUUCCACUCUACCAUCAAACAAGACAGUAAGUGAAGAACAAGCACUCUCAGUAGGUUUCUUGGCAAUGUCAGUCAUUGUGCAGACACCUAUUGUAGAUACAUGUGCUGGGGCUUCUCUUUUGUAGUCCCAGAUGUACAGUAUUAGCAGCGAUAUCAACACCCAAAUUAUUGAGUAUCUUAAUCUCUGGCACUGGUUUAAUGUUACGCUUAGCCCAAAGCUCA,virus RNA,P0DTC9,SARS-CoV-2 Nucleoprotein,318
414,PMID: 32637943,RNAPS0000406,RNA + protein,SARS-CoV-2 virus RNA,10nt(TRS),UCUAAACGAA,virus RNA,P0DTC9,SARS-CoV-2 Nucleoprotein,10
415,PMID: 32637943,RNAPS0000406,RNA + protein,SARS-CoV-2 virus RNA,10nt(TRS),UCUAAACGAA,virus RNA,P0DTC9,SARS-CoV-2 Nucleoprotein,10
416,PMID: 32637943,RNAPS0000406,RNA + protein,SARS-CoV-2 virus RNA,10nt(TRS),UCUAAACGAA,virus RNA,P0DTC9,SARS-CoV-2 Nucleoprotein,10
417,PMID: 32637943,RNAPS0000406,RNA + protein,SARS-CoV-2 virus RNA,10nt(TRS),UCUAAACGAA,virus RNA,P0DTC9,SARS-CoV-2 Nucleoprotein,10
418,PMID: 32637943,RNAPS0000406,RNA + protein,SARS-CoV-2 virus RNA,10nt(TRS),UCUAAACGAA,virus RNA,P0DTC9,SARS-CoV-2 Nucleoprotein,10
419,PMID: 32637943,RNAPS0000406,RNA + protein,SARS-CoV-2 virus RNA,10nt(TRS),UCUAAACGAA,virus RNA,P0DTC9,SARS-CoV-2 Nucleoprotein,10
420,PMID: 32637943,RNAPS0000406,RNA + protein,SARS-CoV-2 virus RNA,10nt(TRS),UCUAAACGAA,virus RNA,P0DTC9,SARS-CoV-2 Nucleoprotein,10
421,PMID: 32637943,RNAPS0000406,RNA + protein,SARS-CoV-2 virus RNA,10nt(TRS),UCUAAACGAA,virus RNA,P0DTC9,SARS-CoV-2 Nucleoprotein,10
423,PMID: 32637943,RNAPS0000408,RNA + protein,SARS-CoV-2 virus RNA,400nt(1-400),AUGUUGACGUGCCUCUGAUAAGACCUCCUCCACGGAGUCUCCAAAGCCACGUACGAGCACGUCGCGAACCUGUAAAACAGGCAAACUGAGUUGGACGUGUGUUUUCUCGUUGAAACCAGGGACAAGGCUCUCCAUCUUACCUUUCGGUCACACCCGGACGAAACCUAGAUGUGCUGAUGAUCGGCUGCAACACGGACGAAACCGUAAGCAGCCUGCAGAAGAUAGACGAGUUACUCGUGUCCUGUCAACGACAGUAAUUAGUUAUUAAUUAUACUGCGUGAGUGCACUAAGCAUGCAGCCGAGUGACAGCCACACAGAUUUUAAAGUUCGUUUAGAGAACAGAUCUACAAGAGAUCGAAAGUUGGUUGGUUUGUUACCUGGGAAGGUAUAAACCUUUAAU,virus RNA,P0DTC9,SARS-CoV-2 Nucleoprotein,400
424,PMID: 32637943,RNAPS0000408,RNA + protein,SARS-CoV-2 virus RNA,400nt(1-400),AUGUUGACGUGCCUCUGAUAAGACCUCCUCCACGGAGUCUCCAAAGCCACGUACGAGCACGUCGCGAACCUGUAAAACAGGCAAACUGAGUUGGACGUGUGUUUUCUCGUUGAAACCAGGGACAAGGCUCUCCAUCUUACCUUUCGGUCACACCCGGACGAAACCUAGAUGUGCUGAUGAUCGGCUGCAACACGGACGAAACCGUAAGCAGCCUGCAGAAGAUAGACGAGUUACUCGUGUCCUGUCAACGACAGUAAUUAGUUAUUAAUUAUACUGCGUGAGUGCACUAAGCAUGCAGCCGAGUGACAGCCACACAGAUUUUAAAGUUCGUUUAGAGAACAGAUCUACAAGAGAUCGAAAGUUGGUUGGUUUGUUACCUGGGAAGGUAUAAACCUUUAAU,virus RNA,P0DTC9,SARS-CoV-2 Nucleoprotein,400
425,PMID: 32637943,RNAPS0000408,RNA + protein,SARS-CoV-2 virus RNA,400nt(1-400),AUGUUGACGUGCCUCUGAUAAGACCUCCUCCACGGAGUCUCCAAAGCCACGUACGAGCACGUCGCGAACCUGUAAAACAGGCAAACUGAGUUGGACGUGUGUUUUCUCGUUGAAACCAGGGACAAGGCUCUCCAUCUUACCUUUCGGUCACACCCGGACGAAACCUAGAUGUGCUGAUGAUCGGCUGCAACACGGACGAAACCGUAAGCAGCCUGCAGAAGAUAGACGAGUUACUCGUGUCCUGUCAACGACAGUAAUUAGUUAUUAAUUAUACUGCGUGAGUGCACUAAGCAUGCAGCCGAGUGACAGCCACACAGAUUUUAAAGUUCGUUUAGAGAACAGAUCUACAAGAGAUCGAAAGUUGGUUGGUUUGUUACCUGGGAAGGUAUAAACCUUUAAU,virus RNA,P0DTC9,SARS-CoV-2 Nucleoprotein,400
426,PMID: 32637943,RNAPS0000408,RNA + protein,SARS-CoV-2 virus RNA,400nt(1-400),AUGUUGACGUGCCUCUGAUAAGACCUCCUCCACGGAGUCUCCAAAGCCACGUACGAGCACGUCGCGAACCUGUAAAACAGGCAAACUGAGUUGGACGUGUGUUUUCUCGUUGAAACCAGGGACAAGGCUCUCCAUCUUACCUUUCGGUCACACCCGGACGAAACCUAGAUGUGCUGAUGAUCGGCUGCAACACGGACGAAACCGUAAGCAGCCUGCAGAAGAUAGACGAGUUACUCGUGUCCUGUCAACGACAGUAAUUAGUUAUUAAUUAUACUGCGUGAGUGCACUAAGCAUGCAGCCGAGUGACAGCCACACAGAUUUUAAAGUUCGUUUAGAGAACAGAUCUACAAGAGAUCGAAAGUUGGUUGGUUUGUUACCUGGGAAGGUAUAAACCUUUAAU,virus RNA,P0DTC9,SARS-CoV-2 Nucleoprotein,400
427,PMID: 32637943,RNAPS0000408,RNA + protein,SARS-CoV-2 virus RNA,400nt(1-400),AUGUUGACGUGCCUCUGAUAAGACCUCCUCCACGGAGUCUCCAAAGCCACGUACGAGCACGUCGCGAACCUGUAAAACAGGCAAACUGAGUUGGACGUGUGUUUUCUCGUUGAAACCAGGGACAAGGCUCUCCAUCUUACCUUUCGGUCACACCCGGACGAAACCUAGAUGUGCUGAUGAUCGGCUGCAACACGGACGAAACCGUAAGCAGCCUGCAGAAGAUAGACGAGUUACUCGUGUCCUGUCAACGACAGUAAUUAGUUAUUAAUUAUACUGCGUGAGUGCACUAAGCAUGCAGCCGAGUGACAGCCACACAGAUUUUAAAGUUCGUUUAGAGAACAGAUCUACAAGAGAUCGAAAGUUGGUUGGUUUGUUACCUGGGAAGGUAUAAACCUUUAAU,virus RNA,P0DTC9,SARS-CoV-2 Nucleoprotein,400
428,PMID: 32637943,RNAPS0000408,RNA + protein,SARS-CoV-2 virus RNA,400nt(1-400),AUGUUGACGUGCCUCUGAUAAGACCUCCUCCACGGAGUCUCCAAAGCCACGUACGAGCACGUCGCGAACCUGUAAAACAGGCAAACUGAGUUGGACGUGUGUUUUCUCGUUGAAACCAGGGACAAGGCUCUCCAUCUUACCUUUCGGUCACACCCGGACGAAACCUAGAUGUGCUGAUGAUCGGCUGCAACACGGACGAAACCGUAAGCAGCCUGCAGAAGAUAGACGAGUUACUCGUGUCCUGUCAACGACAGUAAUUAGUUAUUAAUUAUACUGCGUGAGUGCACUAAGCAUGCAGCCGAGUGACAGCCACACAGAUUUUAAAGUUCGUUUAGAGAACAGAUCUACAAGAGAUCGAAAGUUGGUUGGUUUGUUACCUGGGAAGGUAUAAACCUUUAAU,virus RNA,P0DTC9,SARS-CoV-2 Nucleoprotein,400
429,PMID: 32637943,RNAPS0000408,RNA + protein,SARS-CoV-2 virus RNA,400nt(1-400),AUGUUGACGUGCCUCUGAUAAGACCUCCUCCACGGAGUCUCCAAAGCCACGUACGAGCACGUCGCGAACCUGUAAAACAGGCAAACUGAGUUGGACGUGUGUUUUCUCGUUGAAACCAGGGACAAGGCUCUCCAUCUUACCUUUCGGUCACACCCGGACGAAACCUAGAUGUGCUGAUGAUCGGCUGCAACACGGACGAAACCGUAAGCAGCCUGCAGAAGAUAGACGAGUUACUCGUGUCCUGUCAACGACAGUAAUUAGUUAUUAAUUAUACUGCGUGAGUGCACUAAGCAUGCAGCCGAGUGACAGCCACACAGAUUUUAAAGUUCGUUUAGAGAACAGAUCUACAAGAGAUCGAAAGUUGGUUGGUUUGUUACCUGGGAAGGUAUAAACCUUUAAU,virus RNA,P0DTC9,SARS-CoV-2 Nucleoprotein,400
430,PMID: 32637943,RNAPS0000408,RNA + protein,SARS-CoV-2 virus RNA,400nt(1-400),AUGUUGACGUGCCUCUGAUAAGACCUCCUCCACGGAGUCUCCAAAGCCACGUACGAGCACGUCGCGAACCUGUAAAACAGGCAAACUGAGUUGGACGUGUGUUUUCUCGUUGAAACCAGGGACAAGGCUCUCCAUCUUACCUUUCGGUCACACCCGGACGAAACCUAGAUGUGCUGAUGAUCGGCUGCAACACGGACGAAACCGUAAGCAGCCUGCAGAAGAUAGACGAGUUACUCGUGUCCUGUCAACGACAGUAAUUAGUUAUUAAUUAUACUGCGUGAGUGCACUAAGCAUGCAGCCGAGUGACAGCCACACAGAUUUUAAAGUUCGUUUAGAGAACAGAUCUACAAGAGAUCGAAAGUUGGUUGGUUUGUUACCUGGGAAGGUAUAAACCUUUAAU,virus RNA,P0DTC9,SARS-CoV-2 Nucleoprotein,400
431,PMID: 32637943,RNAPS0000408,RNA + protein,SARS-CoV-2 virus RNA,400nt(1-400),AUGUUGACGUGCCUCUGAUAAGACCUCCUCCACGGAGUCUCCAAAGCCACGUACGAGCACGUCGCGAACCUGUAAAACAGGCAAACUGAGUUGGACGUGUGUUUUCUCGUUGAAACCAGGGACAAGGCUCUCCAUCUUACCUUUCGGUCACACCCGGACGAAACCUAGAUGUGCUGAUGAUCGGCUGCAACACGGACGAAACCGUAAGCAGCCUGCAGAAGAUAGACGAGUUACUCGUGUCCUGUCAACGACAGUAAUUAGUUAUUAAUUAUACUGCGUGAGUGCACUAAGCAUGCAGCCGAGUGACAGCCACACAGAUUUUAAAGUUCGUUUAGAGAACAGAUCUACAAGAGAUCGAAAGUUGGUUGGUUUGUUACCUGGGAAGGUAUAAACCUUUAAU,virus RNA,P0DTC9,SARS-CoV-2 Nucleoprotein,400
432,PMID: 32637943,RNAPS0000408,RNA + protein,SARS-CoV-2 virus RNA,400nt(1-400),AUGUUGACGUGCCUCUGAUAAGACCUCCUCCACGGAGUCUCCAAAGCCACGUACGAGCACGUCGCGAACCUGUAAAACAGGCAAACUGAGUUGGACGUGUGUUUUCUCGUUGAAACCAGGGACAAGGCUCUCCAUCUUACCUUUCGGUCACACCCGGACGAAACCUAGAUGUGCUGAUGAUCGGCUGCAACACGGACGAAACCGUAAGCAGCCUGCAGAAGAUAGACGAGUUACUCGUGUCCUGUCAACGACAGUAAUUAGUUAUUAAUUAUACUGCGUGAGUGCACUAAGCAUGCAGCCGAGUGACAGCCACACAGAUUUUAAAGUUCGUUUAGAGAACAGAUCUACAAGAGAUCGAAAGUUGGUUGGUUUGUUACCUGGGAAGGUAUAAACCUUUAAU,virus RNA,P0DTC9,SARS-CoV-2 Nucleoprotein,400
433,PMID: 32637943,RNAPS0000408,RNA + protein,SARS-CoV-2 virus RNA,400nt(1-400),AUGUUGACGUGCCUCUGAUAAGACCUCCUCCACGGAGUCUCCAAAGCCACGUACGAGCACGUCGCGAACCUGUAAAACAGGCAAACUGAGUUGGACGUGUGUUUUCUCGUUGAAACCAGGGACAAGGCUCUCCAUCUUACCUUUCGGUCACACCCGGACGAAACCUAGAUGUGCUGAUGAUCGGCUGCAACACGGACGAAACCGUAAGCAGCCUGCAGAAGAUAGACGAGUUACUCGUGUCCUGUCAACGACAGUAAUUAGUUAUUAAUUAUACUGCGUGAGUGCACUAAGCAUGCAGCCGAGUGACAGCCACACAGAUUUUAAAGUUCGUUUAGAGAACAGAUCUACAAGAGAUCGAAAGUUGGUUGGUUUGUUACCUGGGAAGGUAUAAACCUUUAAU,virus RNA,P0DTC9,SARS-CoV-2 Nucleoprotein,400
449,PMID: 32766587,RNAPS0000412,RNA + protein,"17-mer RNA(Lu,2020)",17nt,AAGCAGCUAAGAGCGAA,irregular RNA,P0DTC9,SARS-CoV-2 Nucleoprotein,17
450,PMID: 32766587,RNAPS0000412,RNA + protein,"17-mer RNA(Lu,2020)",17nt,AAGCAGCUAAGAGCGAA,irregular RNA,P0DTC9,SARS-CoV-2 Nucleoprotein,17
451,PMID: 32766587,RNAPS0000412,RNA + protein,"17-mer RNA(Lu,2020)",17nt,AAGCAGCUAAGAGCGAA,irregular RNA,P0DTC9,SARS-CoV-2 Nucleoprotein,17
452,PMID: 32766587,RNAPS0000412,RNA + protein,"17-mer RNA(Lu,2020)",17nt,AAGCAGCUAAGAGCGAA,irregular RNA,P0DTC9,SARS-CoV-2 Nucleoprotein,17
453,PMID: 32766587,RNAPS0000412,RNA + protein,"17-mer RNA(Lu,2020)",17nt,AAGCAGCUAAGAGCGAA,irregular RNA,P0DTC9,SARS-CoV-2 Nucleoprotein,17
454,PMID: 32766587,RNAPS0000412,RNA + protein,"17-mer RNA(Lu,2020)",17nt,AAGCAGCUAAGAGCGAA,irregular RNA,P0DTC9,SARS-CoV-2 Nucleoprotein,17
455,PMID: 32766587,RNAPS0000412,RNA + protein,"17-mer RNA(Lu,2020)",17nt,AAGCAGCUAAGAGCGAA,irregular RNA,P0DTC9,SARS-CoV-2 Nucleoprotein,17
456,PMID: 32766587,RNAPS0000412,RNA + protein,"17-mer RNA(Lu,2020)",17nt,AAGCAGCUAAGAGCGAA,irregular RNA,P0DTC9,SARS-CoV-2 Nucleoprotein,17
457,PMID: 32766587,RNAPS0000412,RNA + protein,"17-mer RNA(Lu,2020)",17nt,AAGCAGCUAAGAGCGAA,irregular RNA,P0DTC9,SARS-CoV-2 Nucleoprotein,17
458,PMID: 32766587,RNAPS0000412,RNA + protein,"17-mer RNA(Lu,2020)",17nt,AAGCAGCUAAGAGCGAA,irregular RNA,P0DTC9,SARS-CoV-2 Nucleoprotein,17
459,PMID: 32766587,RNAPS0000412,RNA + protein,"17-mer RNA(Lu,2020)",17nt,AAGCAGCUAAGAGCGAA,irregular RNA,P0DTC9,SARS-CoV-2 Nucleoprotein,17
460,PMID: 32870271,RNAPS0000414,RNA + protein,"rA2RE11 cis-acting element RNA (H. Ryan,2020)",11nt,GCCAAGGAGCC,irregular RNA,P22626,HNRNPA2B1,11
461,PMID: 32870271,RNAPS0000414,RNA + protein,"rA2RE11 cis-acting element RNA (H. Ryan,2020)",11nt,GCCAAGGAGCC,irregular RNA,P22626,HNRNPA2B1,11
462,PMID: 32870271,RNAPS0000414,RNA + protein,"rA2RE11 cis-acting element RNA (H. Ryan,2020)",11nt,GCCAAGGAGCC,irregular RNA,P22626,HNRNPA2B1,11
463,PMID: 32870271,RNAPS0000415,RNA + protein,"rA2RE21 two overlapping tandem A2REs RNA (H. Ryan,2020)",21nt,GCCAAGGAGCCAGAGAGCAUG,irregular RNA,P22626,HNRNPA2B1,21
464,PMID: 32870271,RNAPS0000415,RNA + protein,"rA2RE21 two overlapping tandem A2REs RNA (H. Ryan,2020)",21nt,GCCAAGGAGCCAGAGAGCAUG,irregular RNA,P22626,HNRNPA2B1,21
465,PMID: 32870271,RNAPS0000415,RNA + protein,"rA2RE21 two overlapping tandem A2REs RNA (H. Ryan,2020)",21nt,GCCAAGGAGCCAGAGAGCAUG,irregular RNA,P22626,HNRNPA2B1,21
469,PMID: 32901111,RNAPS0000420,RNA + protein,"H20 RNA(Chen,2020)",20nt,AGAUUCAACUGGCAGUAACC,irregular RNA,P0DTC9,SARS-CoV-2 Nucleoprotein,20
470,PMID: 32901111,RNAPS0000421,RNA + protein,"A20 RNA(Chen,2020)A20 RNA(Chen,2020)",20nt,UAGCUUAUCAGACUGAUGUU,irregular RNA,P0DTC9,SARS-CoV-2 Nucleoprotein,20
471,PMID: 32901111,RNAPS0000422,RNA + protein,"A85 RNA(Chen,2020)",85nt,GGCGCAUAAAGAUGAGACGCGUUUUAGAGCUAGAAAUAGCAAGUUAAAAUAAGGCUAGUCCGUUAUCAACUUGAAAAAGUGUUCG,irregular RNA,P0DTC9,SARS-CoV-2 Nucleoprotein,85
472,PMID: 32901111,RNAPS0000423,RNA + protein,polyU(10),10nt,UUUUUUUUUU,poly RNA,P0DTC9,SARS-CoV-2 Nucleoprotein,10
473,PMID: 32901111,RNAPS0000424,RNA + protein,polyU(20),20nt,UUUUUUUUUUUUUUUUUUUU,poly RNA,P0DTC9,SARS-CoV-2 Nucleoprotein,20
474,PMID: 32901111,RNAPS0000425,RNA + protein,polyU(40),40nt,UUUUUUUUUUUUUUUUUUUUUUUUUUUUUUUUUUUUUUUU,poly RNA,P0DTC9,SARS-CoV-2 Nucleoprotein,40
475,PMID: 32901111,RNAPS0000426,RNA + protein,polyU(60),60nt,UUUUUUUUUUUUUUUUUUUUUUUUUUUUUUUUUUUUUUUUUUUUUUUUUUUUUUUUUUUU,poly RNA,P0DTC9,SARS-CoV-2 Nucleoprotein,60
476,PMID: 32909564,RNAPS0000427,RNA + protein,polyU(20),20nt,UUUUUUUUUUUUUUUUUUUU,poly RNA,D0PV95,laf-1,20
477,PMID: 32909564,RNAPS0000427,RNA + protein,polyU(20),20nt,UUUUUUUUUUUUUUUUUUUU,poly RNA,D0PV95,laf-1,20
500,PMID: 32995779,RNAPS0000435,RNA + protein,polyU,-,-,poly RNA,P0DTC9,SARS-CoV-2 Nucleoprotein,0
501,PMID: 32995779,RNAPS0000436,RNA + protein,polyG,-,-,poly RNA,P0DTC9,SARS-CoV-2 Nucleoprotein,0
502,PMID: 32995779,RNAPS0000437,RNA + protein,polyA,-,-,poly RNA,P0DTC9,SARS-CoV-2 Nucleoprotein,0
506,PMID: 33200826,RNAPS0000435,RNA + protein,polyU,-,-,poly RNA,P0DTC9,SARS-CoV-2 Nucleoprotein,0
507,PMID: 33200826,RNAPS0000436,RNA + protein,polyG,-,-,poly RNA,P0DTC9,SARS-CoV-2 Nucleoprotein,0
508,PMID: 33200826,RNAPS0000437,RNA + protein,polyA,-,-,poly RNA,P0DTC9,SARS-CoV-2 Nucleoprotein,0
509,PMID: 33200826,RNAPS0000440,RNA + protein,polyC,-,-,poly RNA,P0DTC9,SARS-CoV-2 Nucleoprotein,0
521,PMID: 33279579,RNAPS0000443,RNA + protein,polyU,-,-,poly RNA,P10636,MAPT,0
522,PMID: 33279579,RNAPS0000443,RNA + protein,polyU,-,-,poly RNA,P10636,MAPT,0
545,PMID: 33452693,RNAPS0000443,RNA + protein,polyU,-,-,poly RNA,P10636,MAPT,0
546,PMID: 33477032,RNAPS0000456,RNA + protein,polyA(24),24nt,AAAAAAAAAAAAAAAAAAAAAAAA,poly RNA,P0DTC9,SARS-CoV-2 Nucleoprotein,24
547,PMID: 33477032,RNAPS0000456,RNA + protein,polyA(24),24nt,AAAAAAAAAAAAAAAAAAAAAAAA,poly RNA,P0DTC9,SARS-CoV-2 Nucleoprotein,24
554,PMID: 33523882,RNAPS0000460,RNA + protein,(CGG)99,297nt,CGGCGGCGGCGGCGGCGGCGGCGGCGGCGGCGGCGGCGGCGGCGGCGGCGGCGGCGGCGGCGGCGGCGGCGGCGGCGGCGGCGGCGGCGGCGGCGGCGGCGGCGGCGGCGGCGGCGGCGGCGGCGGCGGCGGCGGCGGCGGCGGCGGCGGCGGCGGCGGCGGCGGCGGCGGCGGCGGCGGCGGCGGCGGCGGCGGCGGCGGCGGCGGCGGCGGCGGCGGCGGCGGCGGCGGCGGCGGCGGCGGCGGCGGCGGCGGCGGCGGCGGCGGCGGCGGCGGCGGCGGCGGCGGCGGCGGCGG,repeat RNA,Q06787,FMR1,297
555,PMID: 33523882,RNAPS0000460,RNA + protein,(CGG)99,297nt,CGGCGGCGGCGGCGGCGGCGGCGGCGGCGGCGGCGGCGGCGGCGGCGGCGGCGGCGGCGGCGGCGGCGGCGGCGGCGGCGGCGGCGGCGGCGGCGGCGGCGGCGGCGGCGGCGGCGGCGGCGGCGGCGGCGGCGGCGGCGGCGGCGGCGGCGGCGGCGGCGGCGGCGGCGGCGGCGGCGGCGGCGGCGGCGGCGGCGGCGGCGGCGGCGGCGGCGGCGGCGGCGGCGGCGGCGGCGGCGGCGGCGGCGGCGGCGGCGGCGGCGGCGGCGGCGGCGGCGGCGGCGGCGGCGGCGGCGG,repeat RNA,Q06787,FMR1,297
556,PMID: 33558506,RNAPS0000465,RNA + protein,polyrU(40),40nt,UUUUUUUUUUUUUUUUUUUUUUUUUUUUUUUUUUUUUUUU,poly RNA,P35637,FUS,40
557,PMID: 33558506,RNAPS0000465,RNA + protein,polyrU(40),40nt,UUUUUUUUUUUUUUUUUUUUUUUUUUUUUUUUUUUUUUUU,poly RNA,P35637,FUS,40
558,PMID: 33597515,RNAPS0000466,RNA + protein,polyU,-,-,poly RNA,P35637,FUS,0
559,PMID: 33597515,RNAPS0000466,RNA + protein,polyU,-,-,poly RNA,P35637,FUS,0
560,PMID: 33621982,RNAPS0000467,RNA + protein,p53,14nt(site1),UUUUUUACCUUGUA,mRNA,P31483,TIA-1,14
561,PMID: 33621982,RNAPS0000468,RNA + protein,p53,27nt(site2),UUUUUUUUUUUUUUACCCCUUUUUAUA,mRNA,P31483,TIA-1,27
562,PMID: 33621982,RNAPS0000469,RNA + protein,p53,326nt(3'UTR),GGGUCCCUUCUGCUGCCUUUUUUACCUUGUAGCUAG GGCUCAGCCCCCUCUCUGAGUAGUGGUUCCUGGCCCAAGUUGGGGAAUAGGUUGAUAGUU GUCAGGUCUCUGCUGGCCCAGCGAAAUUCUAUCCAGCCAGUUGUUGGACCCUGGCACCUA CAAUGAAAUCUCACCCUACCCCACACCCUGUAAGAUUCUAUCUUGGGCCCUCAUAGGGUC CAUAUCCUCCAGGGCCUACUUUCCUUCCAUUCUGCAAAGCCUGUCUGCAUUUAUCCACCC CCCACCCUGUCUCCCUCUUUUUUUUUUUUUUACCCCUUUUUAUAUAUCAA,mRNA,P31483,TIA-1,326
563,PMID: 33621982,RNAPS0000470,RNA + protein,p53_mut,326nt(3'UTR),GGGUCCCUUCUGCUGCCUAUGUAACCUAGUAGCUAG GGCUCAGCCCCCUCUCUGAGUAGUGGUUCCUGGCCCAAGUUGGGGAAUAGGUUGAUAGUU GUCAGGUCUCUGCUGGCCCAGCGAAAUUCUAUCCAGCCAGUUGUUGGACCCUGGCACCUA CAAUGAAAUCUCACCCUACCCCACACCCUGUAAGAUUCUAUCUUGGGCCCUCAUAGGGUC CAUAUCCUCCAGGGCCUACUUUCCUUCCAUUCUGCAAAGCCUGUCUGCAUUUAUCCACCC CCCACCCUGUCUCCCUCUAUGUAUGUAUGUAACCCCUGAUUAUAUAUCAA,mRNA,P31483,TIA-1,326
564,PMID: 33621982,RNAPS0000471,RNA + protein,(UUUUUACUCCAA)4+UUUUUACUCC,58nt,UUUUUACUCCAAUUUUUACUCCAAUUUUUACUCCAAUUUUUACUCCAAUUUUUACUCC,repeat RNA,P31483,TIA-1,58
565,PMID: 33621982,RNAPS0000472,RNA + protein,"UC RNA(Loughlin,2021)",10nt,UUUUUACUCC,irregular RNA,P31483,TIA-1,10
567,PMID: 33688654,RNAPS0000474,RNA + protein,SARS-CoV-2 virus RNA,211nt(84-294),CUGUGUGGCUGUCACUCGGCUGCAUGCUUAGUGCACUCACGCAGUAUAAUUAAUAACUAAUUACUGUCGUUGACAGGACACGAGUAACUCGUCUAUCUUCUGCAGGCUGCUUACGGUUUCGUCCGUGUUGCAGCCGAUCAUCAGCACAUCUAGGUUUCGUCCGGGUGUGACCGAAAGGUAAGAUGGAGAGCCUUGUCCCUGGUUUCAACGA,virus RNA,P0DTC9,SARS-CoV-2 Nucleoprotein,211
568,PMID: 33688654,RNAPS0000474,RNA + protein,SARS-CoV-2 virus RNA,211nt(84-294),CUGUGUGGCUGUCACUCGGCUGCAUGCUUAGUGCACUCACGCAGUAUAAUUAAUAACUAAUUACUGUCGUUGACAGGACACGAGUAACUCGUCUAUCUUCUGCAGGCUGCUUACGGUUUCGUCCGUGUUGCAGCCGAUCAUCAGCACAUCUAGGUUUCGUCCGGGUGUGACCGAAAGGUAAGAUGGAGAGCCUUGUCCCUGGUUUCAACGA,virus RNA,P0DTC9,SARS-CoV-2 Nucleoprotein,211
569,PMID: 33688654,RNAPS0000474,RNA + protein,SARS-CoV-2 virus RNA,211nt(84-294),CUGUGUGGCUGUCACUCGGCUGCAUGCUUAGUGCACUCACGCAGUAUAAUUAAUAACUAAUUACUGUCGUUGACAGGACACGAGUAACUCGUCUAUCUUCUGCAGGCUGCUUACGGUUUCGUCCGUGUUGCAGCCGAUCAUCAGCACAUCUAGGUUUCGUCCGGGUGUGACCGAAAGGUAAGAUGGAGAGCCUUGUCCCUGGUUUCAACGA,virus RNA,P0DTC9,SARS-CoV-2 Nucleoprotein,211
572,PMID: 33782395,RNAPS0000479,RNA + protein,polyrU,200–250nt,-,poly RNA,P0DTC9,SARS-CoV-2 Nucleoprotein,250
573,PMID: 33782395,RNAPS0000479,RNA + protein,polyrU,200–250nt,-,poly RNA,P0DTC9,SARS-CoV-2 Nucleoprotein,250
582,PMID: 32234784,RNAPS0000526,RNA + protein,(UG)12,24nt,UGUGUGUGUGUGUGUGUGUGUGUG,repeat RNA,Q14011,CIRBP,24
583,PMID: 32234784,RNAPS0000526,RNA + protein,(UG)12,24nt,UGUGUGUGUGUGUGUGUGUGUGUG,repeat RNA,Q14011,CIRBP,24
584,PMID: 32234784,RNAPS0000526,RNA + protein,(UG)12,24nt,UGUGUGUGUGUGUGUGUGUGUGUG,repeat RNA,Q14011,CIRBP,24
585,PMID: 32328638,RNAPS0000527,RNA + protein,luciferase siRNA,24nt,GCACUCUGAUUGACAAAUACGAUU,siRNA,Q5BJ56,fxr1,24
586,PMID: 32328638,RNAPS0000527,RNA + protein,luciferase siRNA,24nt,GCACUCUGAUUGACAAAUACGAUU,siRNA,Q5BJ56,fxr1,24
587,PMID: 32328638,RNAPS0000527,RNA + protein,luciferase siRNA,24nt,GCACUCUGAUUGACAAAUACGAUU,siRNA,Q5BJ56,fxr1,24
588,PMID: 32328638,RNAPS0000527,RNA + protein,luciferase siRNA,24nt,GCACUCUGAUUGACAAAUACGAUU,siRNA,Q5BJ56,fxr1,24
589,PMID: 32328638,RNAPS0000527,RNA + protein,luciferase siRNA,24nt,GCACUCUGAUUGACAAAUACGAUU,siRNA,Q5BJ56,fxr1,24
590,PMID: 32328638,RNAPS0000527,RNA + protein,luciferase siRNA,24nt,GCACUCUGAUUGACAAAUACGAUU,siRNA,Q5BJ56,fxr1,24
596,PMID: 34159327,RNAPS0000532,RNA + protein,SARS-CoV-2 virus RNA,267nt (5′UTR),GGGUUAAAGGUUUAUACCUUCCCAGGUAACAAACCAACCAACUUUCGAUCUCUUGUAGAUCUGUUCUCUAAACGAACUUUAAAAUCUGUGUGGCUGUCACUCGGCUGCAUGCUUAGUGCACUCACGCAGUAUAAUUAAUAACUAAUUACUGUCGUUGACAGGACACGAGUAACUCGUCUAUCUUCUGCAGGCUGCUUACGGUUUCGUCCGUGUUGCAGCCGAUCAUCAGCACAUCUAGGUUUCGUCCGGGUGUGACCGAAAGGUAAG,virus RNA,P0DTC9,SARS-CoV-2 Nucleoprotein,267
598,PMID: 34159327,RNAPS0000534,RNA + protein,SARS-CoV-2 virus RNA,500nt(1-500),GGGUUAAAGGUUUAUACCUUCCCAGGUAACAAACCAACCAACUUUCGAUCUCUUGUAGAUCUGUUCUCUAAACGAACUUUAAAAUCUGUGUGGCUGUCACUCGGCUGCAUGCUUAGUGCACUCACGCAGUAUAAUUAAUAACUAAUUACUGUCGUUGACAGGACACGAGUAACUCGUCUAUCUUCUGCAGGCUGCUUACGGUUUCGUCCGUGUUGCAGCCGAUCAUCAGCACAUCUAGGUUUCGUCCGGGUGUGACCGAAAGGUAAGAUGGAGAGCCUUGUCCCUGGUUUCAACGAGAAAACACACGUCCAACUCAGUUUGCCUGUUUUACAGGUUCGCGACGUGCUCGUACGUGGCUUUGGAGACUCCGUGGAGGAGGUCUUAUCAGAGGCACGUCAACAUCUUAAAGAUGGCACUUGUGGCUUAGUAGAAGUUGAAAAAGGCGUUUUGCCUCAACUUGAACAGCCCUAUGUGUUCAUCAAACGUUCGGAUGCUCGAACUGC,virus RNA,P0DTC9,SARS-CoV-2 Nucleoprotein,500
603,PMID: 32637943,RNAPS0000538,RNA + protein,SARS-CoV-2 virus RNA,61nt(Rsndom-10),UCCAACUCAGUUUGCCUGUUUUACAGGUUCGCGACGUGCUCGUACGUGGCUUUGGAGACUC,virus RNA,P0DTC9,SARS-CoV-2 Nucleoprotein,61
604,PMID: 33479198,RNAPS0000539,RNA + protein,"17-mer ssRNA (Lu,2021)",34nt,CGUGGAGGAGGUCUUAUCAGAGGCACGUCAACAUCUUAAAGAUGGCACUUGUGGCUUAGUA,irregular RNA,P0DTC9,SARS-CoV-2 Nucleoprotein,34
628,PMID: 33650968,RNAPS0000563,RNA + protein,GPR34,496nt(3'UTR),GGUAAACAUACUAAAAUGAAUUAUAUAAUGCAGCCUCUUAAUUCUUUGAAGAACUAAAAAAUUAGGAAACAAAGUUCUAGCAUUUACAAAACUCAGAUCUCAAAGCUCUGCUUGUAUUUGUGAUAUUUCAUUUGCUUAACUGUAAACCAUUUCAAGGUACUAACUUUUAAAUCUGUAUGUAAAAUCUUUUCAAAAUACAUUUUUAAGCUAAUACUCUUAACAUAGAUUAUGAAGUUAAGUGAAAUUUAUGGCUCUAACAGCAAAAUAAUUAAAGUGCCAUAGUUUCUCAAGUGACUAAAGUAGUUAUUAAAAUCAAGCACUUGAUACUAAUUUGAAGUGUGUUUAAAAGUAAAUGAUUUGGGAACUGACAAUGUGUCAGAAAAUAUAUGUUCAUUUAUCAUUUUAAAAUCUUGUAUAAUUUGCCACUGUAUUCAUUUAUGCCUAAAUCUCUAUAACAGAUGAAAAGAUAAUUAAUAAAAUCCUAAUUAAAAAAUGA,mRNA,"Q07352,P35637",TIS11B-FUS,496
629,PMID: 33650968,RNAPS0000564,RNA + protein,VPS29,482nt(3'UTR),AGCCAGGCCUGUCUUGAUGAUUUUUGGUUUUUUUUCAUUGUCCUGUUGAAAUCAAGUAAUUAAACAUUUAAGAGCCACAAAAUUGUAUCACUUUUAUAAUAUUUUGCAGUAAAAUAUAAUACCAUCUUCUCUGUUAAUACAUAAUUGCUCCAAGCUUCCUGUAAACUAUAAGAAUAUAUUUAGUUUACAGUAUAUGGAUUCUAUGAAAAAAUGUCCACAACACAGUAAUUGGUCACUUGUUAAGAAAAAUUUAUCCUUGUAAGUAUCUUCAAAGUUGAUAUUUGGAACUUUAUUCCAAAAGUAGUGCAUGUGGAGAAAGAAUCUAGACUUUCUUGUAUACAUUUUUCUCUUCUCCAGUAAUAAACAAUUACCUUUCAUUUAUACUUUGAUAACCUGUAUUUAAUUUAAAAAAAAACAUAAAAAUGAGGAACCAAGUGAAACUACGGAUAUAAAUAUUAAAGUGGACGAGAUGACCUUUCAGA,mRNA,"Q07352,P35637",TIS11B-FUS,482
630,PMID: 33650968,RNAPS0000565,RNA + protein,MYC,476nt(3'UTR),GGAAAAGUAAGGAAAACGAUUCCUUCUAACAGAAAUGUCCUGAGCAAUCACCUAUGAACUUGUUUCAAAUGCAUGAUCAAAUGCAACCUCACAACCUUGGCUGAGUCUUGAGACUGAAAGAUUUAGCCAUAAUGUAAACUGCCUCAAAUUGGACUUUGGGCAUAAAAGAACUUUUUUAUGCUUACCAUCUUUUUUUUUUCUUUAACAGAUUUGUAUUUAAGAAUUGUUUUUAAAAAAUUUUAAGAUUUACACAAUGUUUCUCUGUAAAUAUUGCCAUUAAAUGUAAAUAACUUUAAUAAAACGUUUAUAGCAGUUACACAGAAUUUCAAUCCUAGUAUAUAGUACCUAGUAUUAUAGGUACUAUAAACCCUAAUUUUUUUUAUUUAAGUACAUUUUGCUUUUUAAAGUUGAUUUUUUUCUAUUGUUUUUAGAAAAAAUAAAAUAACUGGCAAAUAUAUCAUUGAGCCAAAUCUUAA,mRNA,"Q07352,P35637",TIS11B-FUS,476
631,PMID: 33650968,RNAPS0000566,RNA + protein,PLA2G4A,473nt(3'UTR),UUCAUGUACUGGAAAUGGCAGCAGUUUCUGAUGCUGAGGCAGUUUGCAAUCCCAUGACAACUGGAUUUAAAAGUACAGUACAGAUAGUCGUACUGAUCAUGAGAGACUGGCUGAUACUCAAAGUUGCAGUUACUUAGCUGCAUGAGAAUAAUACUAUUAUAAGUUAGGUUGACAAAUGAUGUUGAUUAUGUAAGGAUAUACUUAGCUACAUUUUCAGUCAGUAUGAACUUCCUGAUACAAAUGUAGGGAUAUAUACUGUAUUUUUAAACAUUUCUCACCAACUUUCUUAUGUGUGUUCUUUUUAAAAAUUUUUUUUCUUUUAAAAUAUUUAACAGUUCAAUCUCAAUAAGACCUCGCAUUAUGUAUGAAUGUUAUUCACUGACUAGAUUUAUUCAUACCAUGAGACAACACUAUUUUUAUUUAUAUAUGCAUAUAUAUACAUACAUGAAAUAAAUACAUCAAUAUAAAAAUAA,mRNA,"Q07352,P35637",TIS11B-FUS,473
669,PMID: 33895773,RNAPS0000607,RNA + protein,polyU,-,-,poly RNA,P0DTC9,SARS-CoV-2 Nucleoprotein,0
670,PMID: 33895773,RNAPS0000607,RNA + protein,polyU,-,-,poly RNA,P0DTC9,SARS-CoV-2 Nucleoprotein,0
671,PMID: 33910901,RNAPS0000610,RNA + protein,polyU,-,-,poly RNA,Q94BV4,RH6,0
672,PMID: 33910901,RNAPS0000611,RNA + protein,polyU,-,-,poly RNA,Q8RXK6,RH8,0
673,PMID: 33910901,RNAPS0000612,RNA + protein,polyU,-,-,poly RNA,Q9M2E0,RH12,0
674,PMID: 33910901,RNAPS0000610,RNA + protein,polyU,-,-,poly RNA,Q94BV4,RH6,0
675,PMID: 33910901,RNAPS0000611,RNA + protein,polyU,-,-,poly RNA,Q8RXK6,RH8,0
676,PMID: 33910901,RNAPS0000612,RNA + protein,polyU,-,-,poly RNA,Q9M2E0,RH12,0
677,PMID: 33910901,RNAPS0000613,RNA + protein,polyU,-,-,poly RNA,-,Turnip mosaic virus Vpg,0
678,PMID: 33910901,RNAPS0000613,RNA + protein,polyU,-,-,poly RNA,-,Turnip mosaic virus Vpg,0
679,PMID: 33910901,RNAPS0000611,RNA + protein,polyU,-,-,poly RNA,Q8RXK6,RH8,0
680,PMID: 33910901,RNAPS0000612,RNA + protein,polyU,-,-,poly RNA,Q9M2E0,RH12,0
681,PMID: 33910901,RNAPS0000612,RNA + protein,polyU,-,-,poly RNA,Q9M2E0,RH12,0
682,PMID: 33910901,RNAPS0000613,RNA + protein,polyU,-,-,poly RNA,-,Turnip mosaic virus Vpg,0
683,PMID: 33991007,RNAPS0000526,RNA + protein,(UG)12,24nt,UGUGUGUGUGUGUGUGUGUGUGUG,repeat RNA,Q14011,CIRBP,24
684,PMID: 33991007,RNAPS0000526,RNA + protein,(UG)12,24nt,UGUGUGUGUGUGUGUGUGUGUGUG,repeat RNA,Q14011,CIRBP,24
685,PMID: 33991007,RNAPS0000526,RNA + protein,(UG)12,24nt,UGUGUGUGUGUGUGUGUGUGUGUG,repeat RNA,Q14011,CIRBP,24
686,PMID: 33991007,RNAPS0000526,RNA + protein,(UG)12,24nt,UGUGUGUGUGUGUGUGUGUGUGUG,repeat RNA,Q14011,CIRBP,24
695,PMID: 34267352,RNAPS0000625,RNA + protein,SNHG9,345nt(1-345),GCGGCCCGGGAAUCUACGUCACCCGAAAAGCGACUAUAAACGCCGGCGCCUCCGUCCCCAGCCGCGGCUCGGGAAUCCACCCGAAGAGUGGCUAUAAACGUCCGCGCCUCCAUUGCGCUCUCCUCUUCACUUAGGACACUGGUCCUCCCACGCCUGACACCGACGUCGCCAGGACCGCGGGGUUGGGGGAACUUGGCUGUCCCACGUCUUUCAAAUAAAGCUGUUUUGUCUAAAAAAAAAAAAAAAAAAAAAAAAAAAAAAAAAAAAAAAAAAAAAAAAAAAAAAAAAAAAAAAAAAAAAAAAAAAAAAAAAAAAAAAAAAAAAAAAAAAAAAAAAAAAAAAAAA,lncRNA,O95835,LATS1,345
696,PMID: 34267352,RNAPS0000625,RNA + protein,SNHG9,345nt(1-345),GCGGCCCGGGAAUCUACGUCACCCGAAAAGCGACUAUAAACGCCGGCGCCUCCGUCCCCAGCCGCGGCUCGGGAAUCCACCCGAAGAGUGGCUAUAAACGUCCGCGCCUCCAUUGCGCUCUCCUCUUCACUUAGGACACUGGUCCUCCCACGCCUGACACCGACGUCGCCAGGACCGCGGGGUUGGGGGAACUUGGCUGUCCCACGUCUUUCAAAUAAAGCUGUUUUGUCUAAAAAAAAAAAAAAAAAAAAAAAAAAAAAAAAAAAAAAAAAAAAAAAAAAAAAAAAAAAAAAAAAAAAAAAAAAAAAAAAAAAAAAAAAAAAAAAAAAAAAAAAAAAAAAAAAA,lncRNA,O95835,LATS1,345
697,PMID: 34267352,RNAPS0000626,RNA + protein,SNHG9-antisense,345nt(1-345),AAAAAAAAAAAAAAAAAAAAAAAAAAAAAAAAAAAAAAAAAAAAAAAAAAAAAAAAAAAAAAAAAAAAAAAAAAAAAAAAAAAAAAAAAAAAAAAAAAAAAAAAAAAAAAAAAAUCUGUUUUGUCGAAAUAAACUUUCUGCACCCUGUCGGUUCAAGGGGGUUGGGGCGCCAGGACCGCUGCAGCCACAGUCCGCACCCUCCUGGUCACAGGAUUCACUUCUCCUCUCGCGUUACCUCCGCGCCUGCAAAUAUCGGUGAGAAGCCCACCUAAGGGCUCGGCGCCGACCCCUGCCUCCGCGGCCGCAAAUAUCAGCGAAAAGCCCACUGCAUCUAAGGGCCCGGCG,lncRNA,O95835,LATS1,345
698,PMID: 34267352,RNAPS0000625,RNA + protein,SNHG9,345nt(1-345),GCGGCCCGGGAAUCUACGUCACCCGAAAAGCGACUAUAAACGCCGGCGCCUCCGUCCCCAGCCGCGGCUCGGGAAUCCACCCGAAGAGUGGCUAUAAACGUCCGCGCCUCCAUUGCGCUCUCCUCUUCACUUAGGACACUGGUCCUCCCACGCCUGACACCGACGUCGCCAGGACCGCGGGGUUGGGGGAACUUGGCUGUCCCACGUCUUUCAAAUAAAGCUGUUUUGUCUAAAAAAAAAAAAAAAAAAAAAAAAAAAAAAAAAAAAAAAAAAAAAAAAAAAAAAAAAAAAAAAAAAAAAAAAAAAAAAAAAAAAAAAAAAAAAAAAAAAAAAAAAAAAAAAAAA,lncRNA,O95835,LATS1,345
