repeat_unit,rna_sequence,rna_length,rna_classification,index,pmid,rpsid,components_type,rnas,Uniprot ID,protein_name,rna_length_num,label
UCUCUAAAAA,UCUCUAAAAAUCUCUAAAAAUCUCUAAAAAUCUCUAAAAAUCUCUAAAAA,50nt,repeat RNA,,,,,,,,,1
CAG,CAGCAGCAGCAGCAGCAGCAGCAGCAGCAG,30nt,repeat RNA,,,,,,,,,1
CAG,CAGCAGCAGCAGCAGCAGCAGCAGCAGCAGCAGCAGCAGCAGCAGCAGCAGCAGCAGCAG,60nt,repeat RNA,,,,,,,,,1
CUG,CUGCUGCUGCUGCUGCUGCUGCUGCUGCUGCUGCUGCUGCUGCUGCUGCUGCUGCUGCUG,60nt,repeat RNA,,,,,,,,,1
CAG,CAGCAGCAGCAGCAGCAGCAGCAGCAGCAGCAGCAGCAGCAGCAGCAGCAGCAGCAGCAGCAGCAGCAGCAGCAGCAGCAGCAGCAGCAGCAG,93nt,repeat RNA,,,,,,,,,1
CUG,CUGCUGCUGCUGCUGCUGCUGCUGCUGCUGCUGCUGCUGCUGCUGCUGCUGCUGCUGCUGCUGCUGCUGCUGCUGCUGCUGCUGCUGCUGCUG,93nt,repeat RNA,,,,,,,,,1
CAG,CAGCAGCAGCAGCAGCAGCAGCAGCAGCAGCAGCAGCAGCAGCAGCAGCAGCAGCAGCAGCAGCAGCAGCAGCAGCAGCAGCAGCAGCAGCAGCAGCAGCAGCAGCAGCAGCAGCAGCAGCAGCAGCAGCAGCAGCAGCAG,141nt,repeat RNA,,,,,,,,,1
CUG,CUGCUGCUGCUGCUGCUGCUGCUGCUGCUGCUGCUGCUGCUGCUGCUGCUGCUGCUGCUGCUGCUGCUGCUGCUGCUGCUGCUGCUGCUGCUGCUGCUGCUGCUGCUGCUGCUGCUGCUGCUGCUGCUGCUGCUGCUGCUG,141nt,repeat RNA,,,,,,,,,1
CAG,CAGCAGCAGCAGCAGCAGCAGCAGCAGCAGCAGCAGCAGCAGCAGCAGCAGCAGCAGCAGCAGCAGCAGCAGCAGCAGCAGCAGCAGCAGCAGCAGCAGCAGCAGCAGCAGCAGCAGCAGCAGCAGCAGCAGCAGCAGCAGCAGCAGCAGCAGCAGCAGCAGCAGCAGCAGCAGCAGCAGCAGCAGCAGCAGCAGCAG,198nt,repeat RNA,,,,,,,,,1
CUG,CUGCUGCUGCUGCUGCUGCUGCUGCUGCUGCUGCUGCUGCUGCUGCUGCUGCUGCUGCUGCUGCUGCUGCUGCUGCUGCUGCUGCUGCUGCUGCUGCUGCUGCUGCUGCUGCUGCUGCUGCUGCUGCUGCUGCUGCUGCUGCUGCUGCUGCUGCUGCUGCUGCUGCUGCUGCUGCUGCUGCUGCUGCUGCUGCUGCUG,198nt,repeat RNA,,,,,,,,,1
CAG,CAGCAGCAGCAGCAGCAGCAGCAGCAGCAGCAGCAGCAGCAGCAGCAGCAGCAGCAGCAGCAGCAGCAGCAGCAGCAGCAGCAGCAGCAGCAGCAGCAGCAGCAGCAGCAGCAGCAGCAGCAGCAGCAGCAGCAGCAGCAGCAGCAGCAGCAGCAGCAGCAGCAGCAGCAGCAGCAGCAGCAGCAGCAGCAGCAGCAGCAGCAGCAGCAGCAGCAGCAGCAGCAGCAGCAGCAGCAGCAGCAGCAGCAGCAGCAGCAGCAGCAGCAGCAGCAGCAGCAGCAGCAGCAGCAGCAGCAGCAGCAGCAGCAGCAGCAGCAGCAGCAGCAGCAGCAGCAGCAGCAGCAGCAGCAGCAGCAGCAG,360nt,repeat RNA,,,,,,,,,1
AAAACC,AAAACCAAAACCAAAACCAAAACC,24nt,repeat RNA,,,,,,,,,1
GGGGCC,GGGGCCGGGGCCGGGGCCGGGGCC,24nt,repeat RNA,,,,,,,,,1
CCCCGG,CCCCGGCCCCGGCCCCGGCCCCGG,24nt,repeat RNA,,,,,,,,,1
GGGGCC,GGGGCCGGGGCCGGGGCCGGGGCCGGGGCCGGGGCCGGGGCCGGGGCCGGGGCCGGGGCCGGGGCC,66nt,repeat RNA,,,,,,,,,1
GGGGCC,GGGGCCGGGGCCGGGGCCGGGGCCGGGGCCGGGGCCGGGGCCGGGGCCGGGGCCGGGGCCGGGGCCGGGGCCGGGGCCGGGGCCGGGGCCGGGGCCGGGGCCGGGGCCGGGGCCGGGGCCGGGGCCGGGGCCGGGGCCGGGGCCGGGGCCGGGGCCGGGGCCGGGGCCGGGGCCGGGGCCGGGGCCGGGGCCGGGGCCGGGGCCGGGGCCGGGGCCGGGGCCGGGGCC,228nt,repeat RNA,,,,,,,,,1
GGGGCC,GGGGCCGGGGCCGGGGCCGGGGCCGGGGCCGGGGCCGGGGCCGGGGCCGGGGCCGGGGCCGGGGCCGGGGCCGGGGCCGGGGCCGGGGCCGGGGCCGGGGCCGGGGCCGGGGCCGGGGCCGGGGCCGGGGCCGGGGCCGGGGCCGGGGCCGGGGCCGGGGCCGGGGCC,168nt,repeat RNA,,,,,,,,,1
GGGGCC,GGGGCCGGGGCCGGGGCCGGGGCCGGGGCCGGGGCCGGGGCCGGGGCCGGGGCCGGGGCCGGGGCCGGGGCCGGGGCCGGGGCCGGGGCCGGGGCCGGGGCCGGGGCCGGGGCCGGGGCCGGGGCCGGGGCCGGGGCCGGGGCCGGGGCCGGGGCCGGGGCCGGGGCCGGGGCCGGGGCCGGGGCCGGGGCCGGGGCCGGGGCCGGGGCCGGGGCCGGGGCCGGGGCCGGGGCCGGGGCCGGGGCCGGGGCCGGGGCCGGGGCCGGGGCCGGGGCCGGGGCCGGGGCCGGGGCCGGGGCCGGGGCCGGGGCCGGGGCCGGGGCCGGGGCCGGGGCCGGGGCCGGGGCCGGGGCCGGGGCCGGGGCCGGGGCCGGGGCCGGGGCCGGGGCCGGGGCCGGGGCCGGGGCCGGGGCCGGGGCCGGGGCCGGGGCCGGGGCCGGGGCCGGGGCC,450nt,repeat RNA,,,,,,,,,1
CAG,CAGCAGCAGCAGCAGCAGCAGCAG,24nt,repeat RNA,,,,,,,,,1
CUG,CUGCUGCUGCUGCUGCUGCUGCUG,24nt,repeat RNA,,,,,,,,,1
GGGGCC,GGGGCCGGGGCCGGGGCCGGGGCCGGGGCCGGGGCCGGGGCCGGGGCC,48nt,repeat RNA,,,,,,,,,1
GGGUUA,GGGUUAGGGUUAGGGUUAGGGUUAGGGUUAGGGUUAGGGUUAGGGUUA,48nt,repeat RNA,,,,,,,,,1
CGG,CGGCGGCGGCGGCGGCGGCGGCGGCGGCGGCGGCGGCGGCGGCGGCGGCGGCGGCGGCGGCGGCGGCGGCGGCGGCGGCGGCGGCGGCGGCGGCGGCGGCGGCGGCGGCGGCGGCGGCGGCGGCGGCGGCGGCGGCGGCGGCGGCGGCGGCGGCGGCGGCGGCGGCGGCGGCGGCGGCGGCGGCGGCGGCGGCGGCGGCGGCGGCGGCGGCGGCGGCGGCGGCGGCGGCGGCGGCGGCGGCGGCGGCGGCGGCGGCGGCGGCGGCGGCGGCGGCGGCGGCGGCGGCGGCGGCGGCGG,297nt,repeat RNA,,,,,,,,,1
CGG,CGGCGGCGGCGGCGGCGGCGGCGG,24nt,repeat RNA,,,,,,,,,1
UUUUUACUCCAA,UUUUUACUCCAAUUUUUACUCCAAUUUUUACUCCAAUUUUUACUCCAA,48nt,repeat RNA,,,,,,,,,1
UG,UGUGUGUGUGUGUGUGUGUGUGUG,24nt,repeat RNA,,,,,,,,,1
CUCUAAAAAU,CUCUAAAAAUCUCUAAAAAUCUCUAAAAAUCUCUAAAAAUCUCUAAAAAU,50nt,repeat RNA,,,,,,,,,1
UCUAAAAAUC,UCUAAAAAUCUCUAAAAAUCUCUAAAAAUCUCUAAAAAUCUCUAAAAAUC,50nt,repeat RNA,,,,,,,,,1
CUAAAAAUCU,CUAAAAAUCUCUAAAAAUCUCUAAAAAUCUCUAAAAAUCUCUAAAAAUCU,50nt,repeat RNA,,,,,,,,,1
UAAAAAUCUC,UAAAAAUCUCUAAAAAUCUCUAAAAAUCUCUAAAAAUCUCUAAAAAUCUC,50nt,repeat RNA,,,,,,,,,1
AAAAAUCUCU,AAAAAUCUCUAAAAAUCUCUAAAAAUCUCUAAAAAUCUCUAAAAAUCUCU,50nt,repeat RNA,,,,,,,,,1
AAAAUCUCUA,AAAAUCUCUAAAAAUCUCUAAAAAUCUCUAAAAAUCUCUAAAAAUCUCUA,50nt,repeat RNA,,,,,,,,,1
AAAUCUCUAA,AAAUCUCUAAAAAUCUCUAAAAAUCUCUAAAAAUCUCUAAAAAUCUCUAA,50nt,repeat RNA,,,,,,,,,1
AAUCUCUAAA,AAUCUCUAAAAAUCUCUAAAAAUCUCUAAAAAUCUCUAAAAAUCUCUAAA,50nt,repeat RNA,,,,,,,,,1
AUCUCUAAAA,AUCUCUAAAAAUCUCUAAAAAUCUCUAAAAAUCUCUAAAAAUCUCUAAAA,50nt,repeat RNA,,,,,,,,,1
AGC,AGCAGCAGCAGCAGCAGCAGCAGCAGCAGC,30nt,repeat RNA,,,,,,,,,1
GCA,GCAGCAGCAGCAGCAGCAGCAGCAGCAGCA,30nt,repeat RNA,,,,,,,,,1
AGC,AGCAGCAGCAGCAGCAGCAGCAGCAGCAGCAGCAGCAGCAGCAGCAGCAGCAGCAGCAGC,60nt,repeat RNA,,,,,,,,,1
GCA,GCAGCAGCAGCAGCAGCAGCAGCAGCAGCAGCAGCAGCAGCAGCAGCAGCAGCAGCAGCA,60nt,repeat RNA,,,,,,,,,1
UGC,UGCUGCUGCUGCUGCUGCUGCUGCUGCUGCUGCUGCUGCUGCUGCUGCUGCUGCUGCUGC,60nt,repeat RNA,,,,,,,,,1
GCU,GCUGCUGCUGCUGCUGCUGCUGCUGCUGCUGCUGCUGCUGCUGCUGCUGCUGCUGCUGCU,60nt,repeat RNA,,,,,,,,,1
AGC,AGCAGCAGCAGCAGCAGCAGCAGCAGCAGCAGCAGCAGCAGCAGCAGCAGCAGCAGCAGCAGCAGCAGCAGCAGCAGCAGCAGCAGCAGCAGC,93nt,repeat RNA,,,,,,,,,1
GCA,GCAGCAGCAGCAGCAGCAGCAGCAGCAGCAGCAGCAGCAGCAGCAGCAGCAGCAGCAGCAGCAGCAGCAGCAGCAGCAGCAGCAGCAGCAGCA,93nt,repeat RNA,,,,,,,,,1
UGC,UGCUGCUGCUGCUGCUGCUGCUGCUGCUGCUGCUGCUGCUGCUGCUGCUGCUGCUGCUGCUGCUGCUGCUGCUGCUGCUGCUGCUGCUGCUGC,93nt,repeat RNA,,,,,,,,,1
GCU,GCUGCUGCUGCUGCUGCUGCUGCUGCUGCUGCUGCUGCUGCUGCUGCUGCUGCUGCUGCUGCUGCUGCUGCUGCUGCUGCUGCUGCUGCUGCU,93nt,repeat RNA,,,,,,,,,1
AGC,AGCAGCAGCAGCAGCAGCAGCAGCAGCAGCAGCAGCAGCAGCAGCAGCAGCAGCAGCAGCAGCAGCAGCAGCAGCAGCAGCAGCAGCAGCAGCAGCAGCAGCAGCAGCAGCAGCAGCAGCAGCAGCAGCAGCAGCAGCAGC,141nt,repeat RNA,,,,,,,,,1
GCA,GCAGCAGCAGCAGCAGCAGCAGCAGCAGCAGCAGCAGCAGCAGCAGCAGCAGCAGCAGCAGCAGCAGCAGCAGCAGCAGCAGCAGCAGCAGCAGCAGCAGCAGCAGCAGCAGCAGCAGCAGCAGCAGCAGCAGCAGCAGCA,141nt,repeat RNA,,,,,,,,,1
UGC,UGCUGCUGCUGCUGCUGCUGCUGCUGCUGCUGCUGCUGCUGCUGCUGCUGCUGCUGCUGCUGCUGCUGCUGCUGCUGCUGCUGCUGCUGCUGCUGCUGCUGCUGCUGCUGCUGCUGCUGCUGCUGCUGCUGCUGCUGCUGC,141nt,repeat RNA,,,,,,,,,1
GCU,GCUGCUGCUGCUGCUGCUGCUGCUGCUGCUGCUGCUGCUGCUGCUGCUGCUGCUGCUGCUGCUGCUGCUGCUGCUGCUGCUGCUGCUGCUGCUGCUGCUGCUGCUGCUGCUGCUGCUGCUGCUGCUGCUGCUGCUGCUGCU,141nt,repeat RNA,,,,,,,,,1
AGC,AGCAGCAGCAGCAGCAGCAGCAGCAGCAGCAGCAGCAGCAGCAGCAGCAGCAGCAGCAGCAGCAGCAGCAGCAGCAGCAGCAGCAGCAGCAGCAGCAGCAGCAGCAGCAGCAGCAGCAGCAGCAGCAGCAGCAGCAGCAGCAGCAGCAGCAGCAGCAGCAGCAGCAGCAGCAGCAGCAGCAGCAGCAGCAGCAGCAGC,198nt,repeat RNA,,,,,,,,,1
GCA,GCAGCAGCAGCAGCAGCAGCAGCAGCAGCAGCAGCAGCAGCAGCAGCAGCAGCAGCAGCAGCAGCAGCAGCAGCAGCAGCAGCAGCAGCAGCAGCAGCAGCAGCAGCAGCAGCAGCAGCAGCAGCAGCAGCAGCAGCAGCAGCAGCAGCAGCAGCAGCAGCAGCAGCAGCAGCAGCAGCAGCAGCAGCAGCAGCAGCA,198nt,repeat RNA,,,,,,,,,1
UGC,UGCUGCUGCUGCUGCUGCUGCUGCUGCUGCUGCUGCUGCUGCUGCUGCUGCUGCUGCUGCUGCUGCUGCUGCUGCUGCUGCUGCUGCUGCUGCUGCUGCUGCUGCUGCUGCUGCUGCUGCUGCUGCUGCUGCUGCUGCUGCUGCUGCUGCUGCUGCUGCUGCUGCUGCUGCUGCUGCUGCUGCUGCUGCUGCUGCUGC,198nt,repeat RNA,,,,,,,,,1
GCU,GCUGCUGCUGCUGCUGCUGCUGCUGCUGCUGCUGCUGCUGCUGCUGCUGCUGCUGCUGCUGCUGCUGCUGCUGCUGCUGCUGCUGCUGCUGCUGCUGCUGCUGCUGCUGCUGCUGCUGCUGCUGCUGCUGCUGCUGCUGCUGCUGCUGCUGCUGCUGCUGCUGCUGCUGCUGCUGCUGCUGCUGCUGCUGCUGCUGCU,198nt,repeat RNA,,,,,,,,,1
AGC,AGCAGCAGCAGCAGCAGCAGCAGCAGCAGCAGCAGCAGCAGCAGCAGCAGCAGCAGCAGCAGCAGCAGCAGCAGCAGCAGCAGCAGCAGCAGCAGCAGCAGCAGCAGCAGCAGCAGCAGCAGCAGCAGCAGCAGCAGCAGCAGCAGCAGCAGCAGCAGCAGCAGCAGCAGCAGCAGCAGCAGCAGCAGCAGCAGCAGCAGCAGCAGCAGCAGCAGCAGCAGCAGCAGCAGCAGCAGCAGCAGCAGCAGCAGCAGCAGCAGCAGCAGCAGCAGCAGCAGCAGCAGCAGCAGCAGCAGCAGCAGCAGCAGCAGCAGCAGCAGCAGCAGCAGCAGCAGCAGCAGCAGCAGCAGCAGCAGCAGC,360nt,repeat RNA,,,,,,,,,1
GCA,GCAGCAGCAGCAGCAGCAGCAGCAGCAGCAGCAGCAGCAGCAGCAGCAGCAGCAGCAGCAGCAGCAGCAGCAGCAGCAGCAGCAGCAGCAGCAGCAGCAGCAGCAGCAGCAGCAGCAGCAGCAGCAGCAGCAGCAGCAGCAGCAGCAGCAGCAGCAGCAGCAGCAGCAGCAGCAGCAGCAGCAGCAGCAGCAGCAGCAGCAGCAGCAGCAGCAGCAGCAGCAGCAGCAGCAGCAGCAGCAGCAGCAGCAGCAGCAGCAGCAGCAGCAGCAGCAGCAGCAGCAGCAGCAGCAGCAGCAGCAGCAGCAGCAGCAGCAGCAGCAGCAGCAGCAGCAGCAGCAGCAGCAGCAGCAGCAGCAGCA,360nt,repeat RNA,,,,,,,,,1
AAACCA,AAACCAAAACCAAAACCAAAACCA,24nt,repeat RNA,,,,,,,,,1
AACCAA,AACCAAAACCAAAACCAAAACCAA,24nt,repeat RNA,,,,,,,,,1
ACCAAA,ACCAAAACCAAAACCAAAACCAAA,24nt,repeat RNA,,,,,,,,,1
CCAAAA,CCAAAACCAAAACCAAAACCAAAA,24nt,repeat RNA,,,,,,,,,1
CAAAAC,CAAAACCAAAACCAAAACCAAAAC,24nt,repeat RNA,,,,,,,,,1
GGGCCG,GGGCCGGGGCCGGGGCCGGGGCCG,24nt,repeat RNA,,,,,,,,,1
GGCCGG,GGCCGGGGCCGGGGCCGGGGCCGG,24nt,repeat RNA,,,,,,,,,1
GCCGGG,GCCGGGGCCGGGGCCGGGGCCGGG,24nt,repeat RNA,,,,,,,,,1
CCGGGG,CCGGGGCCGGGGCCGGGGCCGGGG,24nt,repeat RNA,,,,,,,,,1
CGGGGC,CGGGGCCGGGGCCGGGGCCGGGGC,24nt,repeat RNA,,,,,,,,,1
CCCGGC,CCCGGCCCCGGCCCCGGCCCCGGC,24nt,repeat RNA,,,,,,,,,1
CCGGCC,CCGGCCCCGGCCCCGGCCCCGGCC,24nt,repeat RNA,,,,,,,,,1
CGGCCC,CGGCCCCGGCCCCGGCCCCGGCCC,24nt,repeat RNA,,,,,,,,,1
GGCCCC,GGCCCCGGCCCCGGCCCCGGCCCC,24nt,repeat RNA,,,,,,,,,1
GCCCCG,GCCCCGGCCCCGGCCCCGGCCCCG,24nt,repeat RNA,,,,,,,,,1
GGGCCG,GGGCCGGGGCCGGGGCCGGGGCCGGGGCCGGGGCCGGGGCCGGGGCCGGGGCCGGGGCCGGGGCCG,66nt,repeat RNA,,,,,,,,,1
GGCCGG,GGCCGGGGCCGGGGCCGGGGCCGGGGCCGGGGCCGGGGCCGGGGCCGGGGCCGGGGCCGGGGCCGG,66nt,repeat RNA,,,,,,,,,1
GCCGGG,GCCGGGGCCGGGGCCGGGGCCGGGGCCGGGGCCGGGGCCGGGGCCGGGGCCGGGGCCGGGGCCGGG,66nt,repeat RNA,,,,,,,,,1
CCGGGG,CCGGGGCCGGGGCCGGGGCCGGGGCCGGGGCCGGGGCCGGGGCCGGGGCCGGGGCCGGGGCCGGGG,66nt,repeat RNA,,,,,,,,,1
CGGGGC,CGGGGCCGGGGCCGGGGCCGGGGCCGGGGCCGGGGCCGGGGCCGGGGCCGGGGCCGGGGCCGGGGC,66nt,repeat RNA,,,,,,,,,1
GGGCCG,GGGCCGGGGCCGGGGCCGGGGCCGGGGCCGGGGCCGGGGCCGGGGCCGGGGCCGGGGCCGGGGCCGGGGCCGGGGCCGGGGCCGGGGCCGGGGCCGGGGCCGGGGCCGGGGCCGGGGCCGGGGCCGGGGCCGGGGCCGGGGCCGGGGCCGGGGCCGGGGCCGGGGCCGGGGCCGGGGCCGGGGCCGGGGCCGGGGCCGGGGCCGGGGCCGGGGCCGGGGCCGGGGCCG,228nt,repeat RNA,,,,,,,,,1
GGCCGG,GGCCGGGGCCGGGGCCGGGGCCGGGGCCGGGGCCGGGGCCGGGGCCGGGGCCGGGGCCGGGGCCGGGGCCGGGGCCGGGGCCGGGGCCGGGGCCGGGGCCGGGGCCGGGGCCGGGGCCGGGGCCGGGGCCGGGGCCGGGGCCGGGGCCGGGGCCGGGGCCGGGGCCGGGGCCGGGGCCGGGGCCGGGGCCGGGGCCGGGGCCGGGGCCGGGGCCGGGGCCGGGGCCGG,228nt,repeat RNA,,,,,,,,,1
GCCGGG,GCCGGGGCCGGGGCCGGGGCCGGGGCCGGGGCCGGGGCCGGGGCCGGGGCCGGGGCCGGGGCCGGGGCCGGGGCCGGGGCCGGGGCCGGGGCCGGGGCCGGGGCCGGGGCCGGGGCCGGGGCCGGGGCCGGGGCCGGGGCCGGGGCCGGGGCCGGGGCCGGGGCCGGGGCCGGGGCCGGGGCCGGGGCCGGGGCCGGGGCCGGGGCCGGGGCCGGGGCCGGGGCCGGG,228nt,repeat RNA,,,,,,,,,1
CCGGGG,CCGGGGCCGGGGCCGGGGCCGGGGCCGGGGCCGGGGCCGGGGCCGGGGCCGGGGCCGGGGCCGGGGCCGGGGCCGGGGCCGGGGCCGGGGCCGGGGCCGGGGCCGGGGCCGGGGCCGGGGCCGGGGCCGGGGCCGGGGCCGGGGCCGGGGCCGGGGCCGGGGCCGGGGCCGGGGCCGGGGCCGGGGCCGGGGCCGGGGCCGGGGCCGGGGCCGGGGCCGGGGCCGGGG,228nt,repeat RNA,,,,,,,,,1
CGGGGC,CGGGGCCGGGGCCGGGGCCGGGGCCGGGGCCGGGGCCGGGGCCGGGGCCGGGGCCGGGGCCGGGGCCGGGGCCGGGGCCGGGGCCGGGGCCGGGGCCGGGGCCGGGGCCGGGGCCGGGGCCGGGGCCGGGGCCGGGGCCGGGGCCGGGGCCGGGGCCGGGGCCGGGGCCGGGGCCGGGGCCGGGGCCGGGGCCGGGGCCGGGGCCGGGGCCGGGGCCGGGGCCGGGGC,228nt,repeat RNA,,,,,,,,,1
GGGCCG,GGGCCGGGGCCGGGGCCGGGGCCGGGGCCGGGGCCGGGGCCGGGGCCGGGGCCGGGGCCGGGGCCGGGGCCGGGGCCGGGGCCGGGGCCGGGGCCGGGGCCGGGGCCGGGGCCGGGGCCGGGGCCGGGGCCGGGGCCGGGGCCGGGGCCGGGGCCGGGGCCGGGGCCG,168nt,repeat RNA,,,,,,,,,1
GGCCGG,GGCCGGGGCCGGGGCCGGGGCCGGGGCCGGGGCCGGGGCCGGGGCCGGGGCCGGGGCCGGGGCCGGGGCCGGGGCCGGGGCCGGGGCCGGGGCCGGGGCCGGGGCCGGGGCCGGGGCCGGGGCCGGGGCCGGGGCCGGGGCCGGGGCCGGGGCCGGGGCCGGGGCCGG,168nt,repeat RNA,,,,,,,,,1
GCCGGG,GCCGGGGCCGGGGCCGGGGCCGGGGCCGGGGCCGGGGCCGGGGCCGGGGCCGGGGCCGGGGCCGGGGCCGGGGCCGGGGCCGGGGCCGGGGCCGGGGCCGGGGCCGGGGCCGGGGCCGGGGCCGGGGCCGGGGCCGGGGCCGGGGCCGGGGCCGGGGCCGGGGCCGGG,168nt,repeat RNA,,,,,,,,,1
CCGGGG,CCGGGGCCGGGGCCGGGGCCGGGGCCGGGGCCGGGGCCGGGGCCGGGGCCGGGGCCGGGGCCGGGGCCGGGGCCGGGGCCGGGGCCGGGGCCGGGGCCGGGGCCGGGGCCGGGGCCGGGGCCGGGGCCGGGGCCGGGGCCGGGGCCGGGGCCGGGGCCGGGGCCGGGG,168nt,repeat RNA,,,,,,,,,1
CGGGGC,CGGGGCCGGGGCCGGGGCCGGGGCCGGGGCCGGGGCCGGGGCCGGGGCCGGGGCCGGGGCCGGGGCCGGGGCCGGGGCCGGGGCCGGGGCCGGGGCCGGGGCCGGGGCCGGGGCCGGGGCCGGGGCCGGGGCCGGGGCCGGGGCCGGGGCCGGGGCCGGGGCCGGGGC,168nt,repeat RNA,,,,,,,,,1
GGGCCG,GGGCCGGGGCCGGGGCCGGGGCCGGGGCCGGGGCCGGGGCCGGGGCCGGGGCCGGGGCCGGGGCCGGGGCCGGGGCCGGGGCCGGGGCCGGGGCCGGGGCCGGGGCCGGGGCCGGGGCCGGGGCCGGGGCCGGGGCCGGGGCCGGGGCCGGGGCCGGGGCCGGGGCCGGGGCCGGGGCCGGGGCCGGGGCCGGGGCCGGGGCCGGGGCCGGGGCCGGGGCCGGGGCCGGGGCCGGGGCCGGGGCCGGGGCCGGGGCCGGGGCCGGGGCCGGGGCCGGGGCCGGGGCCGGGGCCGGGGCCGGGGCCGGGGCCGGGGCCGGGGCCGGGGCCGGGGCCGGGGCCGGGGCCGGGGCCGGGGCCGGGGCCGGGGCCGGGGCCGGGGCCGGGGCCGGGGCCGGGGCCGGGGCCGGGGCCGGGGCCGGGGCCGGGGCCGGGGCCGGGGCCGGGGCCG,450nt,repeat RNA,,,,,,,,,1
GGCCGG,GGCCGGGGCCGGGGCCGGGGCCGGGGCCGGGGCCGGGGCCGGGGCCGGGGCCGGGGCCGGGGCCGGGGCCGGGGCCGGGGCCGGGGCCGGGGCCGGGGCCGGGGCCGGGGCCGGGGCCGGGGCCGGGGCCGGGGCCGGGGCCGGGGCCGGGGCCGGGGCCGGGGCCGGGGCCGGGGCCGGGGCCGGGGCCGGGGCCGGGGCCGGGGCCGGGGCCGGGGCCGGGGCCGGGGCCGGGGCCGGGGCCGGGGCCGGGGCCGGGGCCGGGGCCGGGGCCGGGGCCGGGGCCGGGGCCGGGGCCGGGGCCGGGGCCGGGGCCGGGGCCGGGGCCGGGGCCGGGGCCGGGGCCGGGGCCGGGGCCGGGGCCGGGGCCGGGGCCGGGGCCGGGGCCGGGGCCGGGGCCGGGGCCGGGGCCGGGGCCGGGGCCGGGGCCGGGGCCGGGGCCGGGGCCGG,450nt,repeat RNA,,,,,,,,,1
GCCGGG,GCCGGGGCCGGGGCCGGGGCCGGGGCCGGGGCCGGGGCCGGGGCCGGGGCCGGGGCCGGGGCCGGGGCCGGGGCCGGGGCCGGGGCCGGGGCCGGGGCCGGGGCCGGGGCCGGGGCCGGGGCCGGGGCCGGGGCCGGGGCCGGGGCCGGGGCCGGGGCCGGGGCCGGGGCCGGGGCCGGGGCCGGGGCCGGGGCCGGGGCCGGGGCCGGGGCCGGGGCCGGGGCCGGGGCCGGGGCCGGGGCCGGGGCCGGGGCCGGGGCCGGGGCCGGGGCCGGGGCCGGGGCCGGGGCCGGGGCCGGGGCCGGGGCCGGGGCCGGGGCCGGGGCCGGGGCCGGGGCCGGGGCCGGGGCCGGGGCCGGGGCCGGGGCCGGGGCCGGGGCCGGGGCCGGGGCCGGGGCCGGGGCCGGGGCCGGGGCCGGGGCCGGGGCCGGGGCCGGGGCCGGGGCCGGG,450nt,repeat RNA,,,,,,,,,1
CCGGGG,CCGGGGCCGGGGCCGGGGCCGGGGCCGGGGCCGGGGCCGGGGCCGGGGCCGGGGCCGGGGCCGGGGCCGGGGCCGGGGCCGGGGCCGGGGCCGGGGCCGGGGCCGGGGCCGGGGCCGGGGCCGGGGCCGGGGCCGGGGCCGGGGCCGGGGCCGGGGCCGGGGCCGGGGCCGGGGCCGGGGCCGGGGCCGGGGCCGGGGCCGGGGCCGGGGCCGGGGCCGGGGCCGGGGCCGGGGCCGGGGCCGGGGCCGGGGCCGGGGCCGGGGCCGGGGCCGGGGCCGGGGCCGGGGCCGGGGCCGGGGCCGGGGCCGGGGCCGGGGCCGGGGCCGGGGCCGGGGCCGGGGCCGGGGCCGGGGCCGGGGCCGGGGCCGGGGCCGGGGCCGGGGCCGGGGCCGGGGCCGGGGCCGGGGCCGGGGCCGGGGCCGGGGCCGGGGCCGGGGCCGGGGCCGGGG,450nt,repeat RNA,,,,,,,,,1
CGGGGC,CGGGGCCGGGGCCGGGGCCGGGGCCGGGGCCGGGGCCGGGGCCGGGGCCGGGGCCGGGGCCGGGGCCGGGGCCGGGGCCGGGGCCGGGGCCGGGGCCGGGGCCGGGGCCGGGGCCGGGGCCGGGGCCGGGGCCGGGGCCGGGGCCGGGGCCGGGGCCGGGGCCGGGGCCGGGGCCGGGGCCGGGGCCGGGGCCGGGGCCGGGGCCGGGGCCGGGGCCGGGGCCGGGGCCGGGGCCGGGGCCGGGGCCGGGGCCGGGGCCGGGGCCGGGGCCGGGGCCGGGGCCGGGGCCGGGGCCGGGGCCGGGGCCGGGGCCGGGGCCGGGGCCGGGGCCGGGGCCGGGGCCGGGGCCGGGGCCGGGGCCGGGGCCGGGGCCGGGGCCGGGGCCGGGGCCGGGGCCGGGGCCGGGGCCGGGGCCGGGGCCGGGGCCGGGGCCGGGGCCGGGGCCGGGGC,450nt,repeat RNA,,,,,,,,,1
AGC,AGCAGCAGCAGCAGCAGCAGCAGC,24nt,repeat RNA,,,,,,,,,1
GCA,GCAGCAGCAGCAGCAGCAGCAGCA,24nt,repeat RNA,,,,,,,,,1
UGC,UGCUGCUGCUGCUGCUGCUGCUGC,24nt,repeat RNA,,,,,,,,,1
GCU,GCUGCUGCUGCUGCUGCUGCUGCU,24nt,repeat RNA,,,,,,,,,1
GGGCCG,GGGCCGGGGCCGGGGCCGGGGCCGGGGCCGGGGCCGGGGCCGGGGCCG,48nt,repeat RNA,,,,,,,,,1
GGCCGG,GGCCGGGGCCGGGGCCGGGGCCGGGGCCGGGGCCGGGGCCGGGGCCGG,48nt,repeat RNA,,,,,,,,,1
GCCGGG,GCCGGGGCCGGGGCCGGGGCCGGGGCCGGGGCCGGGGCCGGGGCCGGG,48nt,repeat RNA,,,,,,,,,1
CCGGGG,CCGGGGCCGGGGCCGGGGCCGGGGCCGGGGCCGGGGCCGGGGCCGGGG,48nt,repeat RNA,,,,,,,,,1
CGGGGC,CGGGGCCGGGGCCGGGGCCGGGGCCGGGGCCGGGGCCGGGGCCGGGGC,48nt,repeat RNA,,,,,,,,,1
GGUUAG,GGUUAGGGUUAGGGUUAGGGUUAGGGUUAGGGUUAGGGUUAGGGUUAG,48nt,repeat RNA,,,,,,,,,1
GUUAGG,GUUAGGGUUAGGGUUAGGGUUAGGGUUAGGGUUAGGGUUAGGGUUAGG,48nt,repeat RNA,,,,,,,,,1
UUAGGG,UUAGGGUUAGGGUUAGGGUUAGGGUUAGGGUUAGGGUUAGGGUUAGGG,48nt,repeat RNA,,,,,,,,,1
UAGGGU,UAGGGUUAGGGUUAGGGUUAGGGUUAGGGUUAGGGUUAGGGUUAGGGU,48nt,repeat RNA,,,,,,,,,1
AGGGUU,AGGGUUAGGGUUAGGGUUAGGGUUAGGGUUAGGGUUAGGGUUAGGGUU,48nt,repeat RNA,,,,,,,,,1
AU,AUAUAUAUAUAUAUAUAUAUAUAUAUAUAUAUAUAUAUAUAUAUAUAUAUAUAUAUAUAUAUAUAUAUAUAUAUAUAUAUAUAUAUAUAUAUAUAUAUAUAUAUAUAUAUAUAUAUAUAUAUAUAUAUAUAUAUAUAUAUAUAUAUAUAUAUAUAUAUAUAUAUAUAUAUAUAUAUAUAUAUAUAUAUAUAUAUAUAUAUAUAUAUAUAUAUAUAUAUAUAUAUAUAUAUAUAUAUAUAUAUAUAUAUAUAUAUAUAUAUAUAUAUAUAUAUAUAUAUAUAUAUAUAUAUAUAUAUAUAUAUAUAUAUAUAUAUAUAUAUAUAUAUAUAUAUAUAUAUAUAUAUAUAUAUAUAUAUAUAUAUAUAUAUAUAUAUAUAUAUAUAUAUAUAUAUAUAUAUAUAUAUAUAUAUAUAUAUAUAUAUAUAUAUAUAUAUAUAUAUAUAUAUAUAUAUAUAUAUAUAUAUAUAUAUAUAUAUAUAUAUAUAUAUAUAUAUAUAU,498nt,repeat RNA,,,,,,,,,1
UA,UAUAUAUAUAUAUAUAUAUAUAUAUAUAUAUAUAUAUAUAUAUAUAUAUAUAUAUAUAUAUAUAUAUAUAUAUAUAUAUAUAUAUAUAUAUAUAUAUAUAUAUAUAUAUAUAUAUAUAUAUAUAUAUAUAUAUAUAUAUAUAUAUAUAUAUAUAUAUAUAUAUAUAUAUAUAUAUAUAUAUAUAUAUAUAUAUAUAUAUAUAUAUAUAUAUAUAUAUAUAUAUAUAUAUAUAUAUAUAUAUAUAUAUAUAUAUAUAUAUAUAUAUAUAUAUAUAUAUAUAUAUAUAUAUAUAUAUAUAUAUAUAUAUAUAUAUAUAUAUAUAUAUAUAUAUAUAUAUAUAUAUAUAUAUAUAUAUAUAUAUAUAUAUAUAUAUAUAUAUAUAUAUAUAUAUAUAUAUAUAUAUAUAUAUAUAUAUAUAUAUAUAUAUAUAUAUAUAUAUAUAUAUAUAUAUAUAUAUAUAUAUAUAUAUAUAUAUAUAUAUAUAUAUAUAUAUAUAUA,498nt,repeat RNA,,,,,,,,,1
GGC,GGCGGCGGCGGCGGCGGCGGCGGCGGCGGCGGCGGCGGCGGCGGCGGCGGCGGCGGCGGCGGCGGCGGCGGCGGCGGCGGCGGCGGCGGCGGCGGCGGCGGCGGCGGCGGCGGCGGCGGCGGCGGCGGCGGCGGCGGCGGCGGCGGCGGCGGCGGCGGCGGCGGCGGCGGCGGCGGCGGCGGCGGCGGCGGCGGCGGCGGCGGCGGCGGCGGCGGCGGCGGCGGCGGCGGCGGCGGCGGCGGCGGCGGCGGCGGCGGCGGCGGCGGCGGCGGCGGCGGCGGCGGCGGCGGCGGCGGC,297nt,repeat RNA,,,,,,,,,1
GCG,GCGGCGGCGGCGGCGGCGGCGGCGGCGGCGGCGGCGGCGGCGGCGGCGGCGGCGGCGGCGGCGGCGGCGGCGGCGGCGGCGGCGGCGGCGGCGGCGGCGGCGGCGGCGGCGGCGGCGGCGGCGGCGGCGGCGGCGGCGGCGGCGGCGGCGGCGGCGGCGGCGGCGGCGGCGGCGGCGGCGGCGGCGGCGGCGGCGGCGGCGGCGGCGGCGGCGGCGGCGGCGGCGGCGGCGGCGGCGGCGGCGGCGGCGGCGGCGGCGGCGGCGGCGGCGGCGGCGGCGGCGGCGGCGGCGGCGGCG,297nt,repeat RNA,,,,,,,,,1
GGC,GGCGGCGGCGGCGGCGGCGGCGGC,24nt,repeat RNA,,,,,,,,,1
GCG,GCGGCGGCGGCGGCGGCGGCGGCG,24nt,repeat RNA,,,,,,,,,1
UUUUACUCCAAU,UUUUACUCCAAUUUUUACUCCAAUUUUUACUCCAAUUUUUACUCCAAU,48nt,repeat RNA,,,,,,,,,1
UUUACUCCAAUU,UUUACUCCAAUUUUUACUCCAAUUUUUACUCCAAUUUUUACUCCAAUU,48nt,repeat RNA,,,,,,,,,1
UUACUCCAAUUU,UUACUCCAAUUUUUACUCCAAUUUUUACUCCAAUUUUUACUCCAAUUU,48nt,repeat RNA,,,,,,,,,1
UACUCCAAUUUU,UACUCCAAUUUUUACUCCAAUUUUUACUCCAAUUUUUACUCCAAUUUU,48nt,repeat RNA,,,,,,,,,1
ACUCCAAUUUUU,ACUCCAAUUUUUACUCCAAUUUUUACUCCAAUUUUUACUCCAAUUUUU,48nt,repeat RNA,,,,,,,,,1
CUCCAAUUUUUA,CUCCAAUUUUUACUCCAAUUUUUACUCCAAUUUUUACUCCAAUUUUUA,48nt,repeat RNA,,,,,,,,,1
UCCAAUUUUUAC,UCCAAUUUUUACUCCAAUUUUUACUCCAAUUUUUACUCCAAUUUUUAC,48nt,repeat RNA,,,,,,,,,1
CCAAUUUUUACU,CCAAUUUUUACUCCAAUUUUUACUCCAAUUUUUACUCCAAUUUUUACU,48nt,repeat RNA,,,,,,,,,1
CAAUUUUUACUC,CAAUUUUUACUCCAAUUUUUACUCCAAUUUUUACUCCAAUUUUUACUC,48nt,repeat RNA,,,,,,,,,1
AAUUUUUACUCC,AAUUUUUACUCCAAUUUUUACUCCAAUUUUUACUCCAAUUUUUACUCC,48nt,repeat RNA,,,,,,,,,1
AUUUUUACUCCA,AUUUUUACUCCAAUUUUUACUCCAAUUUUUACUCCAAUUUUUACUCCA,48nt,repeat RNA,,,,,,,,,1
GU,GUGUGUGUGUGUGUGUGUGUGUGU,24nt,repeat RNA,,,,,,,,,1
UCUCUAAAAA,UCUCUAAAAAUCUCUAAAAAUCUCUAAAAAUCUCUAAAAAUCUCUAAAAAUCUCUAAAAAUCUCUAAAAAUCUCUAAAAAUCUCUAAAAAUCUCUAAAAA,100nt,repeat RNA,,,,,,,,,1
UCUCUAAAAA,UCUCUAAAAAUCUCUAAAAAUCUCUAAAAAUCUCUAAAAAUCUCUAAAAAUCUCUAAAAAUCUCUAAAAAUCUCUAAAAAUCUCUAAAAAUCUCUAAAAAUCUCUAAAAAUCUCUAAAAAUCUCUAAAAAUCUCUAAAAAUCUCUAAAAAUCUCUAAAAAUCUCUAAAAAUCUCUAAAAAUCUCUAAAAAUCUCUAAAAAUCUCUAAAAAUCUCUAAAAAUCUCUAAAAAUCUCUAAAAAUCUCUAAAAAUCUCUAAAAAUCUCUAAAAAUCUCUAAAAAUCUCUAAAAAUCUCUAAAAAUCUCUAAAAAUCUCUAAAAAUCUCUAAAAAUCUCUAAAAAUCUCUAAAAAUCUCUAAAAAUCUCUAAAAAUCUCUAAAAAUCUCUAAAAAUCUCUAAAAA,400nt,repeat RNA,,,,,,,,,1
CUG,CUGCUGCUGCUGCUGCUGCUGCUGCUGCUGCUGCUGCUGCUGCUGCUGCUGCUGCUGCUGCUGCUGCUGCUGCUGCUGCUGCUGCUGCUGCUGCUGCUGCUGCUGCUGCUGCUGCUGCUGCUGCUGCUGCUGCUGCUGCUGCUGCUGCUGCUGCUGCUGCUGCUGCUGCUGCUGCUGCUGCUGCUGCUGCUGCUGCUGCUGCUGCUGCUGCUGCUGCUGCUGCUGCUGCUGCUGCUGCUGCUGCUGCUGCUGCUGCUGCUGCUGCUGCUGCUGCUGCUGCUGCUGCUGCUGCUGCUGCUGCUGCUGCUGCUGCUGCUGCUGCUGCUGCUGCUGCUGCUGCUGCUGCUGCUGCUGCUGCUGCUGCUGCUGCUGCUGCUGCUGCUGCUGCUGCUGCUG,396nt,repeat RNA,,,,,,,,,1
AAAACC,AAAACCAAAACCAAAACCAAAACCAAAACCAAAACCAAAACCAAAACC,48nt,repeat RNA,,,,,,,,,1
AAAACC,AAAACCAAAACCAAAACCAAAACCAAAACCAAAACCAAAACCAAAACCAAAACCAAAACCAAAACCAAAACCAAAACCAAAACCAAAACCAAAACCAAAACCAAAACCAAAACCAAAACCAAAACCAAAACCAAAACCAAAACCAAAACCAAAACCAAAACCAAAACCAAAACCAAAACCAAAACCAAAACC,192nt,repeat RNA,,,,,,,,,1
CCCCGG,CCCCGGCCCCGGCCCCGGCCCCGGCCCCGGCCCCGGCCCCGGCCCCGG,48nt,repeat RNA,,,,,,,,,1
CCCCGG,CCCCGGCCCCGGCCCCGGCCCCGGCCCCGGCCCCGGCCCCGGCCCCGGCCCCGGCCCCGGCCCCGGCCCCGGCCCCGGCCCCGGCCCCGGCCCCGGCCCCGGCCCCGGCCCCGGCCCCGGCCCCGGCCCCGGCCCCGGCCCCGGCCCCGGCCCCGGCCCCGGCCCCGGCCCCGGCCCCGGCCCCGGCCCCGG,192nt,repeat RNA,,,,,,,,,1
GGGUUA,GGGUUAGGGUUAGGGUUAGGGUUAGGGUUAGGGUUAGGGUUAGGGUUAGGGUUAGGGUUAGGGUUAGGGUUAGGGUUAGGGUUAGGGUUAGGGUUA,96nt,repeat RNA,,,,,,,,,1
GGGUUA,GGGUUAGGGUUAGGGUUAGGGUUAGGGUUAGGGUUAGGGUUAGGGUUAGGGUUAGGGUUAGGGUUAGGGUUAGGGUUAGGGUUAGGGUUAGGGUUAGGGUUAGGGUUAGGGUUAGGGUUAGGGUUAGGGUUAGGGUUAGGGUUAGGGUUAGGGUUAGGGUUAGGGUUAGGGUUAGGGUUAGGGUUAGGGUUAGGGUUAGGGUUAGGGUUAGGGUUAGGGUUAGGGUUAGGGUUAGGGUUAGGGUUAGGGUUAGGGUUAGGGUUAGGGUUAGGGUUAGGGUUAGGGUUAGGGUUAGGGUUAGGGUUAGGGUUAGGGUUAGGGUUAGGGUUAGGGUUAGGGUUAGGGUUAGGGUUAGGGUUAGGGUUAGGGUUAGGGUUAGGGUUA,384nt,repeat RNA,,,,,,,,,1
UUUUUACUCCAA,UUUUUACUCCAAUUUUUACUCCAAUUUUUACUCCAAUUUUUACUCCAAUUUUUACUCCAAUUUUUACUCCAAUUUUUACUCCAAUUUUUACUCCAA,96nt,repeat RNA,,,,,,,,,1
UUUUUACUCCAA,UUUUUACUCCAAUUUUUACUCCAAUUUUUACUCCAAUUUUUACUCCAAUUUUUACUCCAAUUUUUACUCCAAUUUUUACUCCAAUUUUUACUCCAAUUUUUACUCCAAUUUUUACUCCAAUUUUUACUCCAAUUUUUACUCCAAUUUUUACUCCAAUUUUUACUCCAAUUUUUACUCCAAUUUUUACUCCAAUUUUUACUCCAAUUUUUACUCCAAUUUUUACUCCAAUUUUUACUCCAAUUUUUACUCCAAUUUUUACUCCAAUUUUUACUCCAAUUUUUACUCCAAUUUUUACUCCAAUUUUUACUCCAAUUUUUACUCCAAUUUUUACUCCAAUUUUUACUCCAAUUUUUACUCCAAUUUUUACUCCAAUUUUUACUCCAA,384nt,repeat RNA,,,,,,,,,1
UG,UGUGUGUGUGUGUGUGUGUGUGUGUGUGUGUGUGUGUGUGUGUGUGUG,48nt,repeat RNA,,,,,,,,,1
UG,UGUGUGUGUGUGUGUGUGUGUGUGUGUGUGUGUGUGUGUGUGUGUGUGUGUGUGUGUGUGUGUGUGUGUGUGUGUGUGUGUGUGUGUGUGUGUGUGUGUGUGUGUGUGUGUGUGUGUGUGUGUGUGUGUGUGUGUGUGUGUGUGUGUGUGUGUGUGUGUGUGUGUGUGUGUGUGUGUGUGUGUGUGUGUGUG,192nt,repeat RNA,,,,,,,,,1
CUCUAAAAAU,CUCUAAAAAUCUCUAAAAAUCUCUAAAAAUCUCUAAAAAUCUCUAAAAAUCUCUAAAAAUCUCUAAAAAUCUCUAAAAAUCUCUAAAAAUCUCUAAAAAU,100nt,repeat RNA,,,,,,,,,1
CUCUAAAAAU,CUCUAAAAAUCUCUAAAAAUCUCUAAAAAUCUCUAAAAAUCUCUAAAAAUCUCUAAAAAUCUCUAAAAAUCUCUAAAAAUCUCUAAAAAUCUCUAAAAAUCUCUAAAAAUCUCUAAAAAUCUCUAAAAAUCUCUAAAAAUCUCUAAAAAUCUCUAAAAAUCUCUAAAAAUCUCUAAAAAUCUCUAAAAAUCUCUAAAAAUCUCUAAAAAUCUCUAAAAAUCUCUAAAAAUCUCUAAAAAUCUCUAAAAAUCUCUAAAAAUCUCUAAAAAUCUCUAAAAAUCUCUAAAAAUCUCUAAAAAUCUCUAAAAAUCUCUAAAAAUCUCUAAAAAUCUCUAAAAAUCUCUAAAAAUCUCUAAAAAUCUCUAAAAAUCUCUAAAAAUCUCUAAAAAUCUCUAAAAAU,400nt,repeat RNA,,,,,,,,,1
UCUAAAAAUC,UCUAAAAAUCUCUAAAAAUCUCUAAAAAUCUCUAAAAAUCUCUAAAAAUCUCUAAAAAUCUCUAAAAAUCUCUAAAAAUCUCUAAAAAUCUCUAAAAAUC,100nt,repeat RNA,,,,,,,,,1
UCUAAAAAUC,UCUAAAAAUCUCUAAAAAUCUCUAAAAAUCUCUAAAAAUCUCUAAAAAUCUCUAAAAAUCUCUAAAAAUCUCUAAAAAUCUCUAAAAAUCUCUAAAAAUCUCUAAAAAUCUCUAAAAAUCUCUAAAAAUCUCUAAAAAUCUCUAAAAAUCUCUAAAAAUCUCUAAAAAUCUCUAAAAAUCUCUAAAAAUCUCUAAAAAUCUCUAAAAAUCUCUAAAAAUCUCUAAAAAUCUCUAAAAAUCUCUAAAAAUCUCUAAAAAUCUCUAAAAAUCUCUAAAAAUCUCUAAAAAUCUCUAAAAAUCUCUAAAAAUCUCUAAAAAUCUCUAAAAAUCUCUAAAAAUCUCUAAAAAUCUCUAAAAAUCUCUAAAAAUCUCUAAAAAUCUCUAAAAAUCUCUAAAAAUC,400nt,repeat RNA,,,,,,,,,1
CUAAAAAUCU,CUAAAAAUCUCUAAAAAUCUCUAAAAAUCUCUAAAAAUCUCUAAAAAUCUCUAAAAAUCUCUAAAAAUCUCUAAAAAUCUCUAAAAAUCUCUAAAAAUCU,100nt,repeat RNA,,,,,,,,,1
CUAAAAAUCU,CUAAAAAUCUCUAAAAAUCUCUAAAAAUCUCUAAAAAUCUCUAAAAAUCUCUAAAAAUCUCUAAAAAUCUCUAAAAAUCUCUAAAAAUCUCUAAAAAUCUCUAAAAAUCUCUAAAAAUCUCUAAAAAUCUCUAAAAAUCUCUAAAAAUCUCUAAAAAUCUCUAAAAAUCUCUAAAAAUCUCUAAAAAUCUCUAAAAAUCUCUAAAAAUCUCUAAAAAUCUCUAAAAAUCUCUAAAAAUCUCUAAAAAUCUCUAAAAAUCUCUAAAAAUCUCUAAAAAUCUCUAAAAAUCUCUAAAAAUCUCUAAAAAUCUCUAAAAAUCUCUAAAAAUCUCUAAAAAUCUCUAAAAAUCUCUAAAAAUCUCUAAAAAUCUCUAAAAAUCUCUAAAAAUCUCUAAAAAUCU,400nt,repeat RNA,,,,,,,,,1
UAAAAAUCUC,UAAAAAUCUCUAAAAAUCUCUAAAAAUCUCUAAAAAUCUCUAAAAAUCUCUAAAAAUCUCUAAAAAUCUCUAAAAAUCUCUAAAAAUCUCUAAAAAUCUC,100nt,repeat RNA,,,,,,,,,1
UAAAAAUCUC,UAAAAAUCUCUAAAAAUCUCUAAAAAUCUCUAAAAAUCUCUAAAAAUCUCUAAAAAUCUCUAAAAAUCUCUAAAAAUCUCUAAAAAUCUCUAAAAAUCUCUAAAAAUCUCUAAAAAUCUCUAAAAAUCUCUAAAAAUCUCUAAAAAUCUCUAAAAAUCUCUAAAAAUCUCUAAAAAUCUCUAAAAAUCUCUAAAAAUCUCUAAAAAUCUCUAAAAAUCUCUAAAAAUCUCUAAAAAUCUCUAAAAAUCUCUAAAAAUCUCUAAAAAUCUCUAAAAAUCUCUAAAAAUCUCUAAAAAUCUCUAAAAAUCUCUAAAAAUCUCUAAAAAUCUCUAAAAAUCUCUAAAAAUCUCUAAAAAUCUCUAAAAAUCUCUAAAAAUCUCUAAAAAUCUCUAAAAAUCUC,400nt,repeat RNA,,,,,,,,,1
AAAAAUCUCU,AAAAAUCUCUAAAAAUCUCUAAAAAUCUCUAAAAAUCUCUAAAAAUCUCUAAAAAUCUCUAAAAAUCUCUAAAAAUCUCUAAAAAUCUCUAAAAAUCUCU,100nt,repeat RNA,,,,,,,,,1
AAAAAUCUCU,AAAAAUCUCUAAAAAUCUCUAAAAAUCUCUAAAAAUCUCUAAAAAUCUCUAAAAAUCUCUAAAAAUCUCUAAAAAUCUCUAAAAAUCUCUAAAAAUCUCUAAAAAUCUCUAAAAAUCUCUAAAAAUCUCUAAAAAUCUCUAAAAAUCUCUAAAAAUCUCUAAAAAUCUCUAAAAAUCUCUAAAAAUCUCUAAAAAUCUCUAAAAAUCUCUAAAAAUCUCUAAAAAUCUCUAAAAAUCUCUAAAAAUCUCUAAAAAUCUCUAAAAAUCUCUAAAAAUCUCUAAAAAUCUCUAAAAAUCUCUAAAAAUCUCUAAAAAUCUCUAAAAAUCUCUAAAAAUCUCUAAAAAUCUCUAAAAAUCUCUAAAAAUCUCUAAAAAUCUCUAAAAAUCUCUAAAAAUCUCU,400nt,repeat RNA,,,,,,,,,1
AAAAUCUCUA,AAAAUCUCUAAAAAUCUCUAAAAAUCUCUAAAAAUCUCUAAAAAUCUCUAAAAAUCUCUAAAAAUCUCUAAAAAUCUCUAAAAAUCUCUAAAAAUCUCUA,100nt,repeat RNA,,,,,,,,,1
AAAAUCUCUA,AAAAUCUCUAAAAAUCUCUAAAAAUCUCUAAAAAUCUCUAAAAAUCUCUAAAAAUCUCUAAAAAUCUCUAAAAAUCUCUAAAAAUCUCUAAAAAUCUCUAAAAAUCUCUAAAAAUCUCUAAAAAUCUCUAAAAAUCUCUAAAAAUCUCUAAAAAUCUCUAAAAAUCUCUAAAAAUCUCUAAAAAUCUCUAAAAAUCUCUAAAAAUCUCUAAAAAUCUCUAAAAAUCUCUAAAAAUCUCUAAAAAUCUCUAAAAAUCUCUAAAAAUCUCUAAAAAUCUCUAAAAAUCUCUAAAAAUCUCUAAAAAUCUCUAAAAAUCUCUAAAAAUCUCUAAAAAUCUCUAAAAAUCUCUAAAAAUCUCUAAAAAUCUCUAAAAAUCUCUAAAAAUCUCUAAAAAUCUCUA,400nt,repeat RNA,,,,,,,,,1
AAAUCUCUAA,AAAUCUCUAAAAAUCUCUAAAAAUCUCUAAAAAUCUCUAAAAAUCUCUAAAAAUCUCUAAAAAUCUCUAAAAAUCUCUAAAAAUCUCUAAAAAUCUCUAA,100nt,repeat RNA,,,,,,,,,1
AAAUCUCUAA,AAAUCUCUAAAAAUCUCUAAAAAUCUCUAAAAAUCUCUAAAAAUCUCUAAAAAUCUCUAAAAAUCUCUAAAAAUCUCUAAAAAUCUCUAAAAAUCUCUAAAAAUCUCUAAAAAUCUCUAAAAAUCUCUAAAAAUCUCUAAAAAUCUCUAAAAAUCUCUAAAAAUCUCUAAAAAUCUCUAAAAAUCUCUAAAAAUCUCUAAAAAUCUCUAAAAAUCUCUAAAAAUCUCUAAAAAUCUCUAAAAAUCUCUAAAAAUCUCUAAAAAUCUCUAAAAAUCUCUAAAAAUCUCUAAAAAUCUCUAAAAAUCUCUAAAAAUCUCUAAAAAUCUCUAAAAAUCUCUAAAAAUCUCUAAAAAUCUCUAAAAAUCUCUAAAAAUCUCUAAAAAUCUCUAAAAAUCUCUAA,400nt,repeat RNA,,,,,,,,,1
AAUCUCUAAA,AAUCUCUAAAAAUCUCUAAAAAUCUCUAAAAAUCUCUAAAAAUCUCUAAAAAUCUCUAAAAAUCUCUAAAAAUCUCUAAAAAUCUCUAAAAAUCUCUAAA,100nt,repeat RNA,,,,,,,,,1
AAUCUCUAAA,AAUCUCUAAAAAUCUCUAAAAAUCUCUAAAAAUCUCUAAAAAUCUCUAAAAAUCUCUAAAAAUCUCUAAAAAUCUCUAAAAAUCUCUAAAAAUCUCUAAAAAUCUCUAAAAAUCUCUAAAAAUCUCUAAAAAUCUCUAAAAAUCUCUAAAAAUCUCUAAAAAUCUCUAAAAAUCUCUAAAAAUCUCUAAAAAUCUCUAAAAAUCUCUAAAAAUCUCUAAAAAUCUCUAAAAAUCUCUAAAAAUCUCUAAAAAUCUCUAAAAAUCUCUAAAAAUCUCUAAAAAUCUCUAAAAAUCUCUAAAAAUCUCUAAAAAUCUCUAAAAAUCUCUAAAAAUCUCUAAAAAUCUCUAAAAAUCUCUAAAAAUCUCUAAAAAUCUCUAAAAAUCUCUAAAAAUCUCUAAA,400nt,repeat RNA,,,,,,,,,1
AUCUCUAAAA,AUCUCUAAAAAUCUCUAAAAAUCUCUAAAAAUCUCUAAAAAUCUCUAAAAAUCUCUAAAAAUCUCUAAAAAUCUCUAAAAAUCUCUAAAAAUCUCUAAAA,100nt,repeat RNA,,,,,,,,,1
AUCUCUAAAA,AUCUCUAAAAAUCUCUAAAAAUCUCUAAAAAUCUCUAAAAAUCUCUAAAAAUCUCUAAAAAUCUCUAAAAAUCUCUAAAAAUCUCUAAAAAUCUCUAAAAAUCUCUAAAAAUCUCUAAAAAUCUCUAAAAAUCUCUAAAAAUCUCUAAAAAUCUCUAAAAAUCUCUAAAAAUCUCUAAAAAUCUCUAAAAAUCUCUAAAAAUCUCUAAAAAUCUCUAAAAAUCUCUAAAAAUCUCUAAAAAUCUCUAAAAAUCUCUAAAAAUCUCUAAAAAUCUCUAAAAAUCUCUAAAAAUCUCUAAAAAUCUCUAAAAAUCUCUAAAAAUCUCUAAAAAUCUCUAAAAAUCUCUAAAAAUCUCUAAAAAUCUCUAAAAAUCUCUAAAAAUCUCUAAAAAUCUCUAAAA,400nt,repeat RNA,,,,,,,,,1
UGC,UGCUGCUGCUGCUGCUGCUGCUGCUGCUGCUGCUGCUGCUGCUGCUGCUGCUGCUGCUGCUGCUGCUGCUGCUGCUGCUGCUGCUGCUGCUGCUGCUGCUGCUGCUGCUGCUGCUGCUGCUGCUGCUGCUGCUGCUGCUGCUGCUGCUGCUGCUGCUGCUGCUGCUGCUGCUGCUGCUGCUGCUGCUGCUGCUGCUGCUGCUGCUGCUGCUGCUGCUGCUGCUGCUGCUGCUGCUGCUGCUGCUGCUGCUGCUGCUGCUGCUGCUGCUGCUGCUGCUGCUGCUGCUGCUGCUGCUGCUGCUGCUGCUGCUGCUGCUGCUGCUGCUGCUGCUGCUGCUGCUGCUGCUGCUGCUGCUGCUGCUGCUGCUGCUGCUGCUGCUGCUGCUGCUGCUGCUGC,396nt,repeat RNA,,,,,,,,,1
GCU,GCUGCUGCUGCUGCUGCUGCUGCUGCUGCUGCUGCUGCUGCUGCUGCUGCUGCUGCUGCUGCUGCUGCUGCUGCUGCUGCUGCUGCUGCUGCUGCUGCUGCUGCUGCUGCUGCUGCUGCUGCUGCUGCUGCUGCUGCUGCUGCUGCUGCUGCUGCUGCUGCUGCUGCUGCUGCUGCUGCUGCUGCUGCUGCUGCUGCUGCUGCUGCUGCUGCUGCUGCUGCUGCUGCUGCUGCUGCUGCUGCUGCUGCUGCUGCUGCUGCUGCUGCUGCUGCUGCUGCUGCUGCUGCUGCUGCUGCUGCUGCUGCUGCUGCUGCUGCUGCUGCUGCUGCUGCUGCUGCUGCUGCUGCUGCUGCUGCUGCUGCUGCUGCUGCUGCUGCUGCUGCUGCUGCUGCUGCU,396nt,repeat RNA,,,,,,,,,1
AAACCA,AAACCAAAACCAAAACCAAAACCAAAACCAAAACCAAAACCAAAACCA,48nt,repeat RNA,,,,,,,,,1
AAACCA,AAACCAAAACCAAAACCAAAACCAAAACCAAAACCAAAACCAAAACCAAAACCAAAACCAAAACCAAAACCAAAACCAAAACCAAAACCAAAACCAAAACCAAAACCAAAACCAAAACCAAAACCAAAACCAAAACCAAAACCAAAACCAAAACCAAAACCAAAACCAAAACCAAAACCAAAACCAAAACCA,192nt,repeat RNA,,,,,,,,,1
AACCAA,AACCAAAACCAAAACCAAAACCAAAACCAAAACCAAAACCAAAACCAA,48nt,repeat RNA,,,,,,,,,1
AACCAA,AACCAAAACCAAAACCAAAACCAAAACCAAAACCAAAACCAAAACCAAAACCAAAACCAAAACCAAAACCAAAACCAAAACCAAAACCAAAACCAAAACCAAAACCAAAACCAAAACCAAAACCAAAACCAAAACCAAAACCAAAACCAAAACCAAAACCAAAACCAAAACCAAAACCAAAACCAAAACCAA,192nt,repeat RNA,,,,,,,,,1
ACCAAA,ACCAAAACCAAAACCAAAACCAAAACCAAAACCAAAACCAAAACCAAA,48nt,repeat RNA,,,,,,,,,1
ACCAAA,ACCAAAACCAAAACCAAAACCAAAACCAAAACCAAAACCAAAACCAAAACCAAAACCAAAACCAAAACCAAAACCAAAACCAAAACCAAAACCAAAACCAAAACCAAAACCAAAACCAAAACCAAAACCAAAACCAAAACCAAAACCAAAACCAAAACCAAAACCAAAACCAAAACCAAAACCAAAACCAAA,192nt,repeat RNA,,,,,,,,,1
CCAAAA,CCAAAACCAAAACCAAAACCAAAACCAAAACCAAAACCAAAACCAAAA,48nt,repeat RNA,,,,,,,,,1
CCAAAA,CCAAAACCAAAACCAAAACCAAAACCAAAACCAAAACCAAAACCAAAACCAAAACCAAAACCAAAACCAAAACCAAAACCAAAACCAAAACCAAAACCAAAACCAAAACCAAAACCAAAACCAAAACCAAAACCAAAACCAAAACCAAAACCAAAACCAAAACCAAAACCAAAACCAAAACCAAAACCAAAA,192nt,repeat RNA,,,,,,,,,1
CAAAAC,CAAAACCAAAACCAAAACCAAAACCAAAACCAAAACCAAAACCAAAAC,48nt,repeat RNA,,,,,,,,,1
CAAAAC,CAAAACCAAAACCAAAACCAAAACCAAAACCAAAACCAAAACCAAAACCAAAACCAAAACCAAAACCAAAACCAAAACCAAAACCAAAACCAAAACCAAAACCAAAACCAAAACCAAAACCAAAACCAAAACCAAAACCAAAACCAAAACCAAAACCAAAACCAAAACCAAAACCAAAACCAAAACCAAAAC,192nt,repeat RNA,,,,,,,,,1
CCCGGC,CCCGGCCCCGGCCCCGGCCCCGGCCCCGGCCCCGGCCCCGGCCCCGGC,48nt,repeat RNA,,,,,,,,,1
CCCGGC,CCCGGCCCCGGCCCCGGCCCCGGCCCCGGCCCCGGCCCCGGCCCCGGCCCCGGCCCCGGCCCCGGCCCCGGCCCCGGCCCCGGCCCCGGCCCCGGCCCCGGCCCCGGCCCCGGCCCCGGCCCCGGCCCCGGCCCCGGCCCCGGCCCCGGCCCCGGCCCCGGCCCCGGCCCCGGCCCCGGCCCCGGCCCCGGC,192nt,repeat RNA,,,,,,,,,1
CCGGCC,CCGGCCCCGGCCCCGGCCCCGGCCCCGGCCCCGGCCCCGGCCCCGGCC,48nt,repeat RNA,,,,,,,,,1
CCGGCC,CCGGCCCCGGCCCCGGCCCCGGCCCCGGCCCCGGCCCCGGCCCCGGCCCCGGCCCCGGCCCCGGCCCCGGCCCCGGCCCCGGCCCCGGCCCCGGCCCCGGCCCCGGCCCCGGCCCCGGCCCCGGCCCCGGCCCCGGCCCCGGCCCCGGCCCCGGCCCCGGCCCCGGCCCCGGCCCCGGCCCCGGCCCCGGCC,192nt,repeat RNA,,,,,,,,,1
CGGCCC,CGGCCCCGGCCCCGGCCCCGGCCCCGGCCCCGGCCCCGGCCCCGGCCC,48nt,repeat RNA,,,,,,,,,1
CGGCCC,CGGCCCCGGCCCCGGCCCCGGCCCCGGCCCCGGCCCCGGCCCCGGCCCCGGCCCCGGCCCCGGCCCCGGCCCCGGCCCCGGCCCCGGCCCCGGCCCCGGCCCCGGCCCCGGCCCCGGCCCCGGCCCCGGCCCCGGCCCCGGCCCCGGCCCCGGCCCCGGCCCCGGCCCCGGCCCCGGCCCCGGCCCCGGCCC,192nt,repeat RNA,,,,,,,,,1
GGCCCC,GGCCCCGGCCCCGGCCCCGGCCCCGGCCCCGGCCCCGGCCCCGGCCCC,48nt,repeat RNA,,,,,,,,,1
GGCCCC,GGCCCCGGCCCCGGCCCCGGCCCCGGCCCCGGCCCCGGCCCCGGCCCCGGCCCCGGCCCCGGCCCCGGCCCCGGCCCCGGCCCCGGCCCCGGCCCCGGCCCCGGCCCCGGCCCCGGCCCCGGCCCCGGCCCCGGCCCCGGCCCCGGCCCCGGCCCCGGCCCCGGCCCCGGCCCCGGCCCCGGCCCCGGCCCC,192nt,repeat RNA,,,,,,,,,1
GCCCCG,GCCCCGGCCCCGGCCCCGGCCCCGGCCCCGGCCCCGGCCCCGGCCCCG,48nt,repeat RNA,,,,,,,,,1
GCCCCG,GCCCCGGCCCCGGCCCCGGCCCCGGCCCCGGCCCCGGCCCCGGCCCCGGCCCCGGCCCCGGCCCCGGCCCCGGCCCCGGCCCCGGCCCCGGCCCCGGCCCCGGCCCCGGCCCCGGCCCCGGCCCCGGCCCCGGCCCCGGCCCCGGCCCCGGCCCCGGCCCCGGCCCCGGCCCCGGCCCCGGCCCCGGCCCCG,192nt,repeat RNA,,,,,,,,,1
GGUUAG,GGUUAGGGUUAGGGUUAGGGUUAGGGUUAGGGUUAGGGUUAGGGUUAGGGUUAGGGUUAGGGUUAGGGUUAGGGUUAGGGUUAGGGUUAGGGUUAG,96nt,repeat RNA,,,,,,,,,1
GGUUAG,GGUUAGGGUUAGGGUUAGGGUUAGGGUUAGGGUUAGGGUUAGGGUUAGGGUUAGGGUUAGGGUUAGGGUUAGGGUUAGGGUUAGGGUUAGGGUUAGGGUUAGGGUUAGGGUUAGGGUUAGGGUUAGGGUUAGGGUUAGGGUUAGGGUUAGGGUUAGGGUUAGGGUUAGGGUUAGGGUUAGGGUUAGGGUUAGGGUUAGGGUUAGGGUUAGGGUUAGGGUUAGGGUUAGGGUUAGGGUUAGGGUUAGGGUUAGGGUUAGGGUUAGGGUUAGGGUUAGGGUUAGGGUUAGGGUUAGGGUUAGGGUUAGGGUUAGGGUUAGGGUUAGGGUUAGGGUUAGGGUUAGGGUUAGGGUUAGGGUUAGGGUUAGGGUUAGGGUUAGGGUUAG,384nt,repeat RNA,,,,,,,,,1
GUUAGG,GUUAGGGUUAGGGUUAGGGUUAGGGUUAGGGUUAGGGUUAGGGUUAGGGUUAGGGUUAGGGUUAGGGUUAGGGUUAGGGUUAGGGUUAGGGUUAGG,96nt,repeat RNA,,,,,,,,,1
GUUAGG,GUUAGGGUUAGGGUUAGGGUUAGGGUUAGGGUUAGGGUUAGGGUUAGGGUUAGGGUUAGGGUUAGGGUUAGGGUUAGGGUUAGGGUUAGGGUUAGGGUUAGGGUUAGGGUUAGGGUUAGGGUUAGGGUUAGGGUUAGGGUUAGGGUUAGGGUUAGGGUUAGGGUUAGGGUUAGGGUUAGGGUUAGGGUUAGGGUUAGGGUUAGGGUUAGGGUUAGGGUUAGGGUUAGGGUUAGGGUUAGGGUUAGGGUUAGGGUUAGGGUUAGGGUUAGGGUUAGGGUUAGGGUUAGGGUUAGGGUUAGGGUUAGGGUUAGGGUUAGGGUUAGGGUUAGGGUUAGGGUUAGGGUUAGGGUUAGGGUUAGGGUUAGGGUUAGGGUUAGGGUUAGG,384nt,repeat RNA,,,,,,,,,1
UUAGGG,UUAGGGUUAGGGUUAGGGUUAGGGUUAGGGUUAGGGUUAGGGUUAGGGUUAGGGUUAGGGUUAGGGUUAGGGUUAGGGUUAGGGUUAGGGUUAGGG,96nt,repeat RNA,,,,,,,,,1
UUAGGG,UUAGGGUUAGGGUUAGGGUUAGGGUUAGGGUUAGGGUUAGGGUUAGGGUUAGGGUUAGGGUUAGGGUUAGGGUUAGGGUUAGGGUUAGGGUUAGGGUUAGGGUUAGGGUUAGGGUUAGGGUUAGGGUUAGGGUUAGGGUUAGGGUUAGGGUUAGGGUUAGGGUUAGGGUUAGGGUUAGGGUUAGGGUUAGGGUUAGGGUUAGGGUUAGGGUUAGGGUUAGGGUUAGGGUUAGGGUUAGGGUUAGGGUUAGGGUUAGGGUUAGGGUUAGGGUUAGGGUUAGGGUUAGGGUUAGGGUUAGGGUUAGGGUUAGGGUUAGGGUUAGGGUUAGGGUUAGGGUUAGGGUUAGGGUUAGGGUUAGGGUUAGGGUUAGGGUUAGGGUUAGGG,384nt,repeat RNA,,,,,,,,,1
UAGGGU,UAGGGUUAGGGUUAGGGUUAGGGUUAGGGUUAGGGUUAGGGUUAGGGUUAGGGUUAGGGUUAGGGUUAGGGUUAGGGUUAGGGUUAGGGUUAGGGU,96nt,repeat RNA,,,,,,,,,1
UAGGGU,UAGGGUUAGGGUUAGGGUUAGGGUUAGGGUUAGGGUUAGGGUUAGGGUUAGGGUUAGGGUUAGGGUUAGGGUUAGGGUUAGGGUUAGGGUUAGGGUUAGGGUUAGGGUUAGGGUUAGGGUUAGGGUUAGGGUUAGGGUUAGGGUUAGGGUUAGGGUUAGGGUUAGGGUUAGGGUUAGGGUUAGGGUUAGGGUUAGGGUUAGGGUUAGGGUUAGGGUUAGGGUUAGGGUUAGGGUUAGGGUUAGGGUUAGGGUUAGGGUUAGGGUUAGGGUUAGGGUUAGGGUUAGGGUUAGGGUUAGGGUUAGGGUUAGGGUUAGGGUUAGGGUUAGGGUUAGGGUUAGGGUUAGGGUUAGGGUUAGGGUUAGGGUUAGGGUUAGGGUUAGGGU,384nt,repeat RNA,,,,,,,,,1
AGGGUU,AGGGUUAGGGUUAGGGUUAGGGUUAGGGUUAGGGUUAGGGUUAGGGUUAGGGUUAGGGUUAGGGUUAGGGUUAGGGUUAGGGUUAGGGUUAGGGUU,96nt,repeat RNA,,,,,,,,,1
AGGGUU,AGGGUUAGGGUUAGGGUUAGGGUUAGGGUUAGGGUUAGGGUUAGGGUUAGGGUUAGGGUUAGGGUUAGGGUUAGGGUUAGGGUUAGGGUUAGGGUUAGGGUUAGGGUUAGGGUUAGGGUUAGGGUUAGGGUUAGGGUUAGGGUUAGGGUUAGGGUUAGGGUUAGGGUUAGGGUUAGGGUUAGGGUUAGGGUUAGGGUUAGGGUUAGGGUUAGGGUUAGGGUUAGGGUUAGGGUUAGGGUUAGGGUUAGGGUUAGGGUUAGGGUUAGGGUUAGGGUUAGGGUUAGGGUUAGGGUUAGGGUUAGGGUUAGGGUUAGGGUUAGGGUUAGGGUUAGGGUUAGGGUUAGGGUUAGGGUUAGGGUUAGGGUUAGGGUUAGGGUUAGGGUU,384nt,repeat RNA,,,,,,,,,1
UUUUACUCCAAU,UUUUACUCCAAUUUUUACUCCAAUUUUUACUCCAAUUUUUACUCCAAUUUUUACUCCAAUUUUUACUCCAAUUUUUACUCCAAUUUUUACUCCAAU,96nt,repeat RNA,,,,,,,,,1
UUUUACUCCAAU,UUUUACUCCAAUUUUUACUCCAAUUUUUACUCCAAUUUUUACUCCAAUUUUUACUCCAAUUUUUACUCCAAUUUUUACUCCAAUUUUUACUCCAAUUUUUACUCCAAUUUUUACUCCAAUUUUUACUCCAAUUUUUACUCCAAUUUUUACUCCAAUUUUUACUCCAAUUUUUACUCCAAUUUUUACUCCAAUUUUUACUCCAAUUUUUACUCCAAUUUUUACUCCAAUUUUUACUCCAAUUUUUACUCCAAUUUUUACUCCAAUUUUUACUCCAAUUUUUACUCCAAUUUUUACUCCAAUUUUUACUCCAAUUUUUACUCCAAUUUUUACUCCAAUUUUUACUCCAAUUUUUACUCCAAUUUUUACUCCAAUUUUUACUCCAAU,384nt,repeat RNA,,,,,,,,,1
UUUACUCCAAUU,UUUACUCCAAUUUUUACUCCAAUUUUUACUCCAAUUUUUACUCCAAUUUUUACUCCAAUUUUUACUCCAAUUUUUACUCCAAUUUUUACUCCAAUU,96nt,repeat RNA,,,,,,,,,1
UUUACUCCAAUU,UUUACUCCAAUUUUUACUCCAAUUUUUACUCCAAUUUUUACUCCAAUUUUUACUCCAAUUUUUACUCCAAUUUUUACUCCAAUUUUUACUCCAAUUUUUACUCCAAUUUUUACUCCAAUUUUUACUCCAAUUUUUACUCCAAUUUUUACUCCAAUUUUUACUCCAAUUUUUACUCCAAUUUUUACUCCAAUUUUUACUCCAAUUUUUACUCCAAUUUUUACUCCAAUUUUUACUCCAAUUUUUACUCCAAUUUUUACUCCAAUUUUUACUCCAAUUUUUACUCCAAUUUUUACUCCAAUUUUUACUCCAAUUUUUACUCCAAUUUUUACUCCAAUUUUUACUCCAAUUUUUACUCCAAUUUUUACUCCAAUUUUUACUCCAAUU,384nt,repeat RNA,,,,,,,,,1
UUACUCCAAUUU,UUACUCCAAUUUUUACUCCAAUUUUUACUCCAAUUUUUACUCCAAUUUUUACUCCAAUUUUUACUCCAAUUUUUACUCCAAUUUUUACUCCAAUUU,96nt,repeat RNA,,,,,,,,,1
UUACUCCAAUUU,UUACUCCAAUUUUUACUCCAAUUUUUACUCCAAUUUUUACUCCAAUUUUUACUCCAAUUUUUACUCCAAUUUUUACUCCAAUUUUUACUCCAAUUUUUACUCCAAUUUUUACUCCAAUUUUUACUCCAAUUUUUACUCCAAUUUUUACUCCAAUUUUUACUCCAAUUUUUACUCCAAUUUUUACUCCAAUUUUUACUCCAAUUUUUACUCCAAUUUUUACUCCAAUUUUUACUCCAAUUUUUACUCCAAUUUUUACUCCAAUUUUUACUCCAAUUUUUACUCCAAUUUUUACUCCAAUUUUUACUCCAAUUUUUACUCCAAUUUUUACUCCAAUUUUUACUCCAAUUUUUACUCCAAUUUUUACUCCAAUUUUUACUCCAAUUU,384nt,repeat RNA,,,,,,,,,1
UACUCCAAUUUU,UACUCCAAUUUUUACUCCAAUUUUUACUCCAAUUUUUACUCCAAUUUUUACUCCAAUUUUUACUCCAAUUUUUACUCCAAUUUUUACUCCAAUUUU,96nt,repeat RNA,,,,,,,,,1
UACUCCAAUUUU,UACUCCAAUUUUUACUCCAAUUUUUACUCCAAUUUUUACUCCAAUUUUUACUCCAAUUUUUACUCCAAUUUUUACUCCAAUUUUUACUCCAAUUUUUACUCCAAUUUUUACUCCAAUUUUUACUCCAAUUUUUACUCCAAUUUUUACUCCAAUUUUUACUCCAAUUUUUACUCCAAUUUUUACUCCAAUUUUUACUCCAAUUUUUACUCCAAUUUUUACUCCAAUUUUUACUCCAAUUUUUACUCCAAUUUUUACUCCAAUUUUUACUCCAAUUUUUACUCCAAUUUUUACUCCAAUUUUUACUCCAAUUUUUACUCCAAUUUUUACUCCAAUUUUUACUCCAAUUUUUACUCCAAUUUUUACUCCAAUUUUUACUCCAAUUUU,384nt,repeat RNA,,,,,,,,,1
ACUCCAAUUUUU,ACUCCAAUUUUUACUCCAAUUUUUACUCCAAUUUUUACUCCAAUUUUUACUCCAAUUUUUACUCCAAUUUUUACUCCAAUUUUUACUCCAAUUUUU,96nt,repeat RNA,,,,,,,,,1
ACUCCAAUUUUU,ACUCCAAUUUUUACUCCAAUUUUUACUCCAAUUUUUACUCCAAUUUUUACUCCAAUUUUUACUCCAAUUUUUACUCCAAUUUUUACUCCAAUUUUUACUCCAAUUUUUACUCCAAUUUUUACUCCAAUUUUUACUCCAAUUUUUACUCCAAUUUUUACUCCAAUUUUUACUCCAAUUUUUACUCCAAUUUUUACUCCAAUUUUUACUCCAAUUUUUACUCCAAUUUUUACUCCAAUUUUUACUCCAAUUUUUACUCCAAUUUUUACUCCAAUUUUUACUCCAAUUUUUACUCCAAUUUUUACUCCAAUUUUUACUCCAAUUUUUACUCCAAUUUUUACUCCAAUUUUUACUCCAAUUUUUACUCCAAUUUUUACUCCAAUUUUU,384nt,repeat RNA,,,,,,,,,1
CUCCAAUUUUUA,CUCCAAUUUUUACUCCAAUUUUUACUCCAAUUUUUACUCCAAUUUUUACUCCAAUUUUUACUCCAAUUUUUACUCCAAUUUUUACUCCAAUUUUUA,96nt,repeat RNA,,,,,,,,,1
CUCCAAUUUUUA,CUCCAAUUUUUACUCCAAUUUUUACUCCAAUUUUUACUCCAAUUUUUACUCCAAUUUUUACUCCAAUUUUUACUCCAAUUUUUACUCCAAUUUUUACUCCAAUUUUUACUCCAAUUUUUACUCCAAUUUUUACUCCAAUUUUUACUCCAAUUUUUACUCCAAUUUUUACUCCAAUUUUUACUCCAAUUUUUACUCCAAUUUUUACUCCAAUUUUUACUCCAAUUUUUACUCCAAUUUUUACUCCAAUUUUUACUCCAAUUUUUACUCCAAUUUUUACUCCAAUUUUUACUCCAAUUUUUACUCCAAUUUUUACUCCAAUUUUUACUCCAAUUUUUACUCCAAUUUUUACUCCAAUUUUUACUCCAAUUUUUACUCCAAUUUUUA,384nt,repeat RNA,,,,,,,,,1
UCCAAUUUUUAC,UCCAAUUUUUACUCCAAUUUUUACUCCAAUUUUUACUCCAAUUUUUACUCCAAUUUUUACUCCAAUUUUUACUCCAAUUUUUACUCCAAUUUUUAC,96nt,repeat RNA,,,,,,,,,1
UCCAAUUUUUAC,UCCAAUUUUUACUCCAAUUUUUACUCCAAUUUUUACUCCAAUUUUUACUCCAAUUUUUACUCCAAUUUUUACUCCAAUUUUUACUCCAAUUUUUACUCCAAUUUUUACUCCAAUUUUUACUCCAAUUUUUACUCCAAUUUUUACUCCAAUUUUUACUCCAAUUUUUACUCCAAUUUUUACUCCAAUUUUUACUCCAAUUUUUACUCCAAUUUUUACUCCAAUUUUUACUCCAAUUUUUACUCCAAUUUUUACUCCAAUUUUUACUCCAAUUUUUACUCCAAUUUUUACUCCAAUUUUUACUCCAAUUUUUACUCCAAUUUUUACUCCAAUUUUUACUCCAAUUUUUACUCCAAUUUUUACUCCAAUUUUUACUCCAAUUUUUAC,384nt,repeat RNA,,,,,,,,,1
CCAAUUUUUACU,CCAAUUUUUACUCCAAUUUUUACUCCAAUUUUUACUCCAAUUUUUACUCCAAUUUUUACUCCAAUUUUUACUCCAAUUUUUACUCCAAUUUUUACU,96nt,repeat RNA,,,,,,,,,1
CCAAUUUUUACU,CCAAUUUUUACUCCAAUUUUUACUCCAAUUUUUACUCCAAUUUUUACUCCAAUUUUUACUCCAAUUUUUACUCCAAUUUUUACUCCAAUUUUUACUCCAAUUUUUACUCCAAUUUUUACUCCAAUUUUUACUCCAAUUUUUACUCCAAUUUUUACUCCAAUUUUUACUCCAAUUUUUACUCCAAUUUUUACUCCAAUUUUUACUCCAAUUUUUACUCCAAUUUUUACUCCAAUUUUUACUCCAAUUUUUACUCCAAUUUUUACUCCAAUUUUUACUCCAAUUUUUACUCCAAUUUUUACUCCAAUUUUUACUCCAAUUUUUACUCCAAUUUUUACUCCAAUUUUUACUCCAAUUUUUACUCCAAUUUUUACUCCAAUUUUUACU,384nt,repeat RNA,,,,,,,,,1
CAAUUUUUACUC,CAAUUUUUACUCCAAUUUUUACUCCAAUUUUUACUCCAAUUUUUACUCCAAUUUUUACUCCAAUUUUUACUCCAAUUUUUACUCCAAUUUUUACUC,96nt,repeat RNA,,,,,,,,,1
CAAUUUUUACUC,CAAUUUUUACUCCAAUUUUUACUCCAAUUUUUACUCCAAUUUUUACUCCAAUUUUUACUCCAAUUUUUACUCCAAUUUUUACUCCAAUUUUUACUCCAAUUUUUACUCCAAUUUUUACUCCAAUUUUUACUCCAAUUUUUACUCCAAUUUUUACUCCAAUUUUUACUCCAAUUUUUACUCCAAUUUUUACUCCAAUUUUUACUCCAAUUUUUACUCCAAUUUUUACUCCAAUUUUUACUCCAAUUUUUACUCCAAUUUUUACUCCAAUUUUUACUCCAAUUUUUACUCCAAUUUUUACUCCAAUUUUUACUCCAAUUUUUACUCCAAUUUUUACUCCAAUUUUUACUCCAAUUUUUACUCCAAUUUUUACUCCAAUUUUUACUC,384nt,repeat RNA,,,,,,,,,1
AAUUUUUACUCC,AAUUUUUACUCCAAUUUUUACUCCAAUUUUUACUCCAAUUUUUACUCCAAUUUUUACUCCAAUUUUUACUCCAAUUUUUACUCCAAUUUUUACUCC,96nt,repeat RNA,,,,,,,,,1
AAUUUUUACUCC,AAUUUUUACUCCAAUUUUUACUCCAAUUUUUACUCCAAUUUUUACUCCAAUUUUUACUCCAAUUUUUACUCCAAUUUUUACUCCAAUUUUUACUCCAAUUUUUACUCCAAUUUUUACUCCAAUUUUUACUCCAAUUUUUACUCCAAUUUUUACUCCAAUUUUUACUCCAAUUUUUACUCCAAUUUUUACUCCAAUUUUUACUCCAAUUUUUACUCCAAUUUUUACUCCAAUUUUUACUCCAAUUUUUACUCCAAUUUUUACUCCAAUUUUUACUCCAAUUUUUACUCCAAUUUUUACUCCAAUUUUUACUCCAAUUUUUACUCCAAUUUUUACUCCAAUUUUUACUCCAAUUUUUACUCCAAUUUUUACUCCAAUUUUUACUCC,384nt,repeat RNA,,,,,,,,,1
AUUUUUACUCCA,AUUUUUACUCCAAUUUUUACUCCAAUUUUUACUCCAAUUUUUACUCCAAUUUUUACUCCAAUUUUUACUCCAAUUUUUACUCCAAUUUUUACUCCA,96nt,repeat RNA,,,,,,,,,1
AUUUUUACUCCA,AUUUUUACUCCAAUUUUUACUCCAAUUUUUACUCCAAUUUUUACUCCAAUUUUUACUCCAAUUUUUACUCCAAUUUUUACUCCAAUUUUUACUCCAAUUUUUACUCCAAUUUUUACUCCAAUUUUUACUCCAAUUUUUACUCCAAUUUUUACUCCAAUUUUUACUCCAAUUUUUACUCCAAUUUUUACUCCAAUUUUUACUCCAAUUUUUACUCCAAUUUUUACUCCAAUUUUUACUCCAAUUUUUACUCCAAUUUUUACUCCAAUUUUUACUCCAAUUUUUACUCCAAUUUUUACUCCAAUUUUUACUCCAAUUUUUACUCCAAUUUUUACUCCAAUUUUUACUCCAAUUUUUACUCCAAUUUUUACUCCAAUUUUUACUCCA,384nt,repeat RNA,,,,,,,,,1
GU,GUGUGUGUGUGUGUGUGUGUGUGUGUGUGUGUGUGUGUGUGUGUGUGU,48nt,repeat RNA,,,,,,,,,1
GU,GUGUGUGUGUGUGUGUGUGUGUGUGUGUGUGUGUGUGUGUGUGUGUGUGUGUGUGUGUGUGUGUGUGUGUGUGUGUGUGUGUGUGUGUGUGUGUGUGUGUGUGUGUGUGUGUGUGUGUGUGUGUGUGUGUGUGUGUGUGUGUGUGUGUGUGUGUGUGUGUGUGUGUGUGUGUGUGUGUGUGUGUGUGUGUGU,192nt,repeat RNA,,,,,,,,,1
,CCAGUCAGUCUACGC,15nt,irregular RNA,0.0,PMID: 24577897,RNAPS0000182,RNA,"15-mer oligonucleotides RNA (Jia,2014)",-,-,15.0,1
,CAGCAGCAGCAGCAGCAGCAGCAGCAGCAG,30nt,repeat RNA,8.0,PMID: 28562589,RNAPS0000353,RNA,(CAG)10,-,-,30.0,1
,CAGCAGCAGCAGCAGCAGCAGCAGCAGCAGCAGCAGCAGCAGCAGCAGCAGCAGCAG,60nt,repeat RNA,9.0,PMID: 28562589,RNAPS0000354,RNA,(CAG)20,-,-,60.0,1
,CUGCUGCUGCUGCUGCUGCUGCUGCUGCUGCUGCUGCUGCUGCUGCUGCUGCUGCUG,60nt,repeat RNA,10.0,PMID: 28562589,RNAPS0000356,RNA,(CUG)20,-,-,60.0,1
,CAGCAGCAGCAGCAGCAGCAGCAGCAGCAGCAGCAGCAGCAGCAGCAGCAGCAGCAGCAGCAGCAGCAGCAGCAGCAGCAGCAGCAGCAGCAG,93nt,repeat RNA,11.0,PMID: 28562589,RNAPS0000357,RNA,(CAG)31,-,-,93.0,1
,CUGCUGCUGCUGCUGCUGCUGCUGCUGCUGCUGCUGCUGCUGCUGCUGCUGCUGCUGCUGCUGCUGCUGCUGCUGCUGCUGCUGCUGCUGCUG,93nt,repeat RNA,12.0,PMID: 28562589,RNAPS0000358,RNA,(CUG)31,-,-,93.0,1
,CAGCAGCAGCAGCAGCAGCAGCAGCAGCAGCAGCAGCAGCAGCAGCAGCAGCAGCAGCAGCAGCAGCAGCAGCAGCAGCAGCAGCAGCAGCAGCAGCAGCAGCAGCAGCAGCAGCAGCAGCAGCAGCAGCAGCAGCAGCAG,141nt,repeat RNA,13.0,PMID: 28562589,RNAPS0000359,RNA,(CAG)47,-,-,141.0,1
,CUGCUGCUGCUGCUGCUGCUGCUGCUGCUGCUGCUGCUGCUGCUGCUGCUGCUGCUGCUGCUGCUGCUGCUGCUGCUGCUGCUGCUGCUGCUGCUGCUGCUGCUGCUGCUGCUGCUGCUGCUGCUGCUGCUGCUGCUGCUG,141nt,repeat RNA,14.0,PMID: 28562589,RNAPS0000360,RNA,(CUG)47,-,-,141.0,1
,CAGCAGCAGCAGCAGCAGCAGCAGCAGCAGCAGCAGCAGCAGCAGCAGCAGCAGCAGCAGCAGCAGCAGCAGCAGCAGCAGCAGCAGCAGCAGCAGCAGCAGCAGCAGCAGCAGCAGCAGCAGCAGCAGCAGCAGCAGCAGCAGCAGCAGCAGCAGCAGCAGCAGCAGCAGCAGCAGCAGCAGCAGCAGCAGCAGCAG,198nt,repeat RNA,15.0,PMID: 28562589,RNAPS0000114,RNA,(CAG)66,-,-,198.0,1
,CUGCUGCUGCUGCUGCUGCUGCUGCUGCUGCUGCUGCUGCUGCUGCUGCUGCUGCUGCUGCUGCUGCUGCUGCUGCUGCUGCUGCUGCUGCUGCUGCUGCUGCUGCUGCUGCUGCUGCUGCUGCUGCUGCUGCUGCUGCUGCUGCUGCUGCUGCUGCUGCUGCUGCUGCUGCUGCUGCUGCUGCUGCUGCUGCUGCUG,198nt,repeat RNA,16.0,PMID: 28562589,RNAPS0000115,RNA,(CUG)66,-,-,198.0,1
,-,-,poly RNA,17.0,PMID: 29483269,RNAPS0000145,RNA,polyA,-,-,0.0,1
,-,-,poly RNA,18.0,PMID: 29483269,RNAPS0000146,RNA,polyU,-,-,0.0,1
,-,-,poly RNA,19.0,PMID: 29483269,RNAPS0000147,RNA,polyG,-,-,0.0,1
,-,-,poly RNA,20.0,PMID: 29483269,RNAPS0000148,RNA,polyC,-,-,0.0,1
,-,-,poly RNA,23.0,PMID: 30926670,RNAPS0000276,RNA,polyrA,-,-,0.0,1
,-,-,poly RNA,24.0,PMID: 30926670,RNAPS0000277,RNA,polyrU,-,-,0.0,1
,-,-,poly RNA,25.0,PMID: 30926670,RNAPS0000278,RNA,polyrC,-,-,0.0,1
,CAGCAGCAGCAGCAGCAGCAGCAG,24nt,repeat RNA,26.0,PMID: 32301603,RNAPS0000381,RNA,(CAG)8,-,-,24.0,1
,CUGCUGCUGCUGCUGCUGCUGCUG,24nt,repeat RNA,27.0,PMID: 32301603,RNAPS0000382,RNA,(CUG)8,-,-,24.0,1
,GGGGCCGGGGCCGGGGCCGGGGCCGGGGCCGGGGCCGGGGCCGGGGCC,48nt,repeat RNA,28.0,PMID: 32301603,RNAPS0000383,RNA,(GGGGCC)8,-,-,48.0,1
,GGGUUAGGGUUAGGGUUAGGGUUAGGGUUAGGGUUAGGGUUAGGGUUA,48nt,repeat RNA,29.0,PMID: 32301603,RNAPS0000384,RNA,(GGGUUA)8,-,-,48.0,1
,UCUCUAAAAAUCUCUAAAAAUCUCUAAAAAUCUCUAAAAAUCUCUAAAAA,50nt,repeat RNA,0.0,PMID: 22398450,RNAPS0000051,RNA + protein,(UCUCUAAAAA)5,P26599,PTBP1,50.0,0
,UAGAAAACAUGAGGAUCACCCAUGUCUGCAG;|-,31nt;|-,irregular RNA;|tRNA,1.0,PMID: 22579282,RNAPS0000052,RNA + protein,"MS2 hairpin RNA (Han,2012);|Saccharomyces cerevisiae tRNA",P35637,FUS,31.0,0
,UUUUUUUUUUUUUUUUUUUUUUUUUUUUUUUUUUUUUUUUUUUUUUUUUU,50nt,poly RNA,2.0,PMID: 26015579,RNAPS0000090,RNA + protein,polyU(50),D0PV95,laf-1,50.0,0
,GGGCCCCCGGGUACCGAGCUGCUAAUCAAAACAAAACAAAAGCU,44nt,irregular RNA,5.0,PMID: 26406374,RNAPS0000173,RNA + protein,"a random oligonucleotide RNA (Molliex,2015)",P09651,HNRNPA1,44.0,0
,UAGGGACUUAGGGUUCUCUCUAGGGACUUAGGGUUCUCUCUAGGGA,46nt,irregular RNA,23.0,PMID: 26412307,RNAPS0000050,RNA + protein,"hnRNPA1_ligand RNA (Lin,2015)",P09651,HNRNPA1,46.0,0
,UUUUUUUUUUUUUUUUUUUUUUUUUUUUUU,30nt,poly RNA,95.0,PMID: 27914198,RNAPS0000091,RNA + protein,polyU(30),Q9TXM1,meg-3,30.0,0
,AAAAAAAAAAAAAAAAAAA,19nt,poly RNA,97.0,PMID: 28283059,RNAPS0000093,RNA + protein,polyA(19),P04147,Pab1,19.0,0
,GGAGUGAGAGGAAGGAAGGGAAGAAAGAAG,30nt,nucleotide rich RNA,101.0,PMID: 28472520,RNAPS0000097,RNA + protein,(GA-rich U5)30,O94752,edc3,30.0,0
,AAAAAAAAAAAAAAAAAAAAAAAAAAAAAA,30nt,poly RNA,134.0,PMID: 29064502,RNAPS0000124,RNA + protein,polyA(30),D0PV95,laf-1,30.0,0
,AAAAAAAAAAAAAAA,15nt,poly RNA,135.0,PMID: 29064502,RNAPS0000125,RNA + protein,polyA(15),D0PV95,laf-1,15.0,0
,UCGAAGUACUCAGCGUAAGUU,21nt,siRNA,140.0,PMID: 29314832,RNAPS0000142,RNA + protein,luciferase_antisense_siRNA,-,50 aa pLys,21.0,0
,UCGAAGUACUCAGCGUAAGUUUUAGCUUCAUGAGUCGCAUUC,42nt,siRNA,141.0,PMID: 29314832,RNAPS0000143,RNA + protein,luciferase_dsRNA_siRNA,-,50 aa pLys,42.0,0
,CUAUAAGUUGAAUAGUUCAGUCAAAAUUUUGACGGUGUCAUCAGGGGAUUGUACUGAAUGUCCGAUGGUUCUUUCAUCGACAAAAAUUUCGUAAUCGUUACCACCGACCAUAGUCUUGUCACCAAAGAAAUGAAUUUCCUUGAAACCAUCUUUUUCAACGUGUUGCAAACAGUAGGUCUUAUCCCAACCAGCGGGGAAAACGUCGAAAGAGAUUUGGCCACCAAUGGAGAAAGUCAAACCGUAGUCUGGGAAUUCCUUUUUCAAAGCUUCAACGAACUUGGCUCUGAUUUGGUGUUCCUUAUCGUAUCUUUCGAAUUCGUUUCUUUCCUCAGUAGAAGCAUUUCUACCAA,350nt(416-765),mRNA,199.0,PMID: 29898402,RNAPS0000030,RNA + protein,SEC53,P32588,PUB1,350.0,0
,UUUAUUUCCUUCCUUCCUUCCUUCCUUCCUUCCUUCCUUCCCUCCUUCCU,50nt,nucleotide rich RNA,203.0,PMID: 30110628,RNAPS0000236,RNA + protein,(UC-rich A4)50,-,poly(R)4,50.0,0
,UCUGUCUCUGUCUUUGUCUCUCUCUCUCCCUCUCUGCCUGUCUCACUGUGUCUGUCUUCUGUCUUACUCUCUUUCUCUCCCCGUCUGUCUCUCUCUCUCU,100nt,nucleotide rich RNA,205.0,PMID: 30110628,RNAPS0000237,RNA + protein,(CU-rich)100,P05067,APP,100.0,0
,AGAGAGAGAGACAGAGAGAGACAGAGAGAGAGAGAGAGGAGGGAGAGAGAAAAAAGAAAGAAAAAAAGAAAAGAAAAGAAAGAGAAAAUGAAAGAAAAGG,100nt,nucleotide rich RNA,207.0,PMID: 30110628,RNAPS0000238,RNA + protein,(AG-rich U89)100,P05067,APP,100.0,0
,CGAUUGAUUGCGAUCUCAAUUGCCUUUUAGCUUCAUUCAUACCCUGUUAU,50nt,irregular RNA,213.0,PMID: 30110628,RNAPS0000241,RNA + protein,"rIGS16RNA-Low complexity (Wang,2018)",-,poly(R)4,50.0,0
,CCGGGAUUUCAGCCUUUAAAAGCGCGGGCCCUGCCACCUUUCGCUGUGGCCCUUACGCUCAGAAUGACGUGUCCUCUCUGCCGUAGGUUGACUCCUUGAG,100nt,irregular RNA,214.0,PMID: 30110628,RNAPS0000242,RNA + protein,"High complexity-rIGSRNA2 (Wang,2018)",P05067,APP,100.0,0
,CCGGCCCGCCUGGUCUUCUGUCUCUGCGCUCUGGUGACCUCAGCCUCCCAAAUAGCUGGGACUACAGGGAUCUCUUAAGCCCGGGAGGGAGAGGUUAACG,100nt,nucleotide rich RNA,216.0,PMID: 30110628,RNAPS0000244,RNA + protein,"UC RNA(Loughlin,2021)",P05067,APP,100.0,0
,UUUUUUUUUUUUUUUUUUUUUUUUUUUUUUUUUUUUUUUU,40nt,poly RNA,229.0,PMID: 30442662,RNAPS0000254,RNA + protein,polyU(40),P35637,FUS,40.0,0
,GCUGCGGUGUGGAAGGAGUGGUCGGGUUGCGCAGCG,36nt,irregular RNA,237.0,PMID: 30765518,RNAPS0000261,RNA + protein,"sc1 G quadruplex RNA (Tsang,2019)",Q06787,FMR1,36.0,0
,GCUGCGGUGUGGAAGGAGUGGUCGGGUUGCGCAGCG;|UCACAAGUUAGGGUCUCAGGGA,36nt;|22nt(1-22),irregular RNA;|miRNA,260.0,PMID: 30765518,RNAPS0000263,RNAs + protein,"sc1 G quadruplex RNA (Tsang,2019);|miR-125b",Q06787,FMR1,36.0,0
,AGAUUCAACUGGCAGUAACC,20nt,irregular RNA,310.0,PMID: 33290746,RNAPS0000420,RNA + protein,"H20 RNA(Chen,2020)",P0DTC9,SARS-CoV-2 Nucleoprotein,20.0,0
,UAGUUUGGUGAU,12nt,irregular RNA,312.0,PMID: 31188823,RNAPS0000300,RNA + protein,"12-mer RNA (Kang,2019)",P35637,FUS,12.0,0
,CCAGAGCCAGAACCAGAGACCAGAAACCAGAACCAGAACCAGAAGCCAGAGCCAGAAACCAGA,65nt,irregular RNA,346.0,PMID: 31292544,RNAPS0000315,RNA + protein,"m6A RNA(Ries,2019)",Q9Y5A9,YTHDF2,65.0,0
,GGAGGAGAGGAAGGUAAGGGAAGAAAGAAG,30nt,nucleotide rich RNA,368.0,PMID: 31586050,RNAPS0000339,RNA + protein,(GA-rich)30,Q96F86,EDC3,30.0,0
,UUUUUUUUUUUUUUUUUUUUUUUUUUUUUUUUUUUUUUUU,40nt,poly RNA,369.0,PMID: 31630970,RNAPS0000340,RNA + protein,polyrU(40),P35637,FUS,40.0,0
,GGACCUGGAAUAUGGCGAGAAAACUGAAAAUCACGGAAAAUGAGAAAUACACACUUUAGGACGUGAAAUAUGGCGAGGAAAACUGAAAAAGGUGGAAAAUUUAGAAAUGUCCACUGUAGGUCGUGGAAUAUGGCAAGAAAACUGAAAAUCAUGGAAAAUGAGAAACAUCCACUUGACGACUUGAAAAAUGACGAAAUCACUAAAAAACGUGAAAAAUGAGAAAUGCACACUGAA,231nt,irregular RNA,370.0,PMID: 31677973,RNAPS0000342,RNA + protein,"MajSAT RNA (Huo,2020)",Q15424,SAFB,231.0,0
,AUACUUACCUGGCAGGGGAGAUACCAUGAUCACGAAGGUGGUUUUCCCAGGGCGAGGCUUAUCCAUUGCACUCCGGAUGUGCUGACCCCUGCGAUUUCCCCAAAUGCGGGAAACUCGACUGCAUAAUUUGUGGUAGUGGGGGACUGCGUUCGCGCU,156nt,irregular RNA,371.0,PMID: 31677973,RNAPS0000343,RNA + protein,"U1 RNA (Huo,2020)",Q15424,SAFB,156.0,0
,UUUUUUUUUUUUUUUUUUUUUUUUUUUUUUUUUUUUUUUUUUUUUUUUUUUUUUUUUUUUUUUUUUUUUUUUUUUUUUUUUUUUUUUUUUUUUUUUUUUU,100nt,poly RNA,383.0,PMID: 31975687,RNAPS0000377,RNA + protein,polyU(100),Q9TXM1,meg-3,100.0,0
,UUUUUUUUUUUUUUUUUUUUUUUUUUUUUUUUUUUUUUUUUUUUUUUUUUUUUUUUUUUUUUUUUUUUUUUUUUUUUUUUUUUUUUUUUUUUUUUUUUUUUUUUUUUUUUUUUUUUUUUUUUUUUUUUUUUUUUUUUUUUUUUUUUUUUUUUUUUUUUUUUUUUUUUUUUUUUUUUUUUUUUUUUUUUUUUUUUUUUUUU,200nt,poly RNA,384.0,PMID: 31975687,RNAPS0000378,RNA + protein,polyU(200),Q9TXM1,meg-3,200.0,0
,UUUUUUUUUUUUUUUUUUUUUUUUUUUUUUUUUUUUUUUUUUUUUUUUUUUUUUUUUUUUUUUUUUUUUUUUUUUUUUUUUUUUUUUUUUUUUUUUUUUUUUUUUUUUUUUUUUUUUUUUUUUUUUUUUUUUUUUUUUUUUUUUUUUUUUUUUUUUUUUUUUUUUUUUUUUUUUUUUUUUUUUUUUUUUUUUUUUUUUUUUUUUUUUUUUUUUUUUUUUUUUUUUUUUUUUUUUUUUUUUUUUUUUUUUUUUUUUUUUUUUUUUUUUUUUUUUUUUUUUUUUUUUUUUUUUUUUUUUUUU,300nt,poly RNA,385.0,PMID: 31975687,RNAPS0000379,RNA + protein,polyU(300),Q9TXM1,meg-3,300.0,0
,UAGCUUGUGCUGGUCCCUUUGAAGGUGUUAGACCUUUGACUGAACCUUCUGUUAUUAAAACACCAUUACGGGCGUUUCUAAAAAGGUCUACCUGUCCUUCCACUCUACCAUCAAACAAGACAGUAAGUGAAGAACAAGCACUCUCAGUAGGUUUCUUGGCAAUGUCAGUCAUUGUGCAGACACCUAUUGUAGAUACAUGUGCUGGGGCUUCUCUUUUGUAGUCCCAGAUGUACAGUAUUAGCAGCGAUAUCAACACCCAAAUUAUUGAGUAUCUUAAUCUCUGGCACUGGUUUAAUGUUACGCUUAGCCCAAAGCUCA,318nt(PS-318),virus RNA,411.0,PMID: 32637943,RNAPS0000405,RNA + protein,SARS-CoV-2 virus RNA,P0DTC9,SARS-CoV-2 Nucleoprotein,318.0,0
,AAGCAGCUAAGAGCGAA,17nt,irregular RNA,449.0,PMID: 32766587,RNAPS0000412,RNA + protein,"17-mer RNA(Lu,2020)",P0DTC9,SARS-CoV-2 Nucleoprotein,17.0,0
,GCCAAGGAGCC,11nt,irregular RNA,460.0,PMID: 32870271,RNAPS0000414,RNA + protein,"rA2RE11 cis-acting element RNA (H. Ryan,2020)",P22626,HNRNPA2B1,11.0,0
,GCCAAGGAGCCAGAGAGCAUG,21nt,irregular RNA,463.0,PMID: 32870271,RNAPS0000415,RNA + protein,"rA2RE21 two overlapping tandem A2REs RNA (H. Ryan,2020)",P22626,HNRNPA2B1,21.0,0
,UAGCUUAUCAGACUGAUGUU,20nt,irregular RNA,470.0,PMID: 32901111,RNAPS0000421,RNA + protein,"A20 RNA(Chen,2020)A20 RNA(Chen,2020)",P0DTC9,SARS-CoV-2 Nucleoprotein,20.0,0
,GGCGCAUAAAGAUGAGACGCGUUUUAGAGCUAGAAAUAGCAAGUUAAAAUAAGGCUAGUCCGUUAUCAACUUGAAAAAGUGUUCG,85nt,irregular RNA,471.0,PMID: 32901111,RNAPS0000422,RNA + protein,"A85 RNA(Chen,2020)",P0DTC9,SARS-CoV-2 Nucleoprotein,85.0,0
,UUUUUUUUUU,10nt,poly RNA,472.0,PMID: 32901111,RNAPS0000423,RNA + protein,polyU(10),P0DTC9,SARS-CoV-2 Nucleoprotein,10.0,0
,UUUUUUUUUUUUUUUUUUUU,20nt,poly RNA,473.0,PMID: 32901111,RNAPS0000424,RNA + protein,polyU(20),P0DTC9,SARS-CoV-2 Nucleoprotein,20.0,0
,UUUUUUUUUUUUUUUUUUUUUUUUUUUUUUUUUUUUUUUUUUUUUUUUUUUUUUUUUUUU,60nt,poly RNA,475.0,PMID: 32901111,RNAPS0000426,RNA + protein,polyU(60),P0DTC9,SARS-CoV-2 Nucleoprotein,60.0,0
,AAAAAAAAAAAAAAAAAAAAAAAA,24nt,poly RNA,546.0,PMID: 33477032,RNAPS0000456,RNA + protein,polyA(24),P0DTC9,SARS-CoV-2 Nucleoprotein,24.0,0
,CGGCGGCGGCGGCGGCGGCGGCGGCGGCGGCGGCGGCGGCGGCGGCGGCGGCGGCGGCGGCGGCGGCGGCGGCGGCGGCGGCGGCGGCGGCGGCGGCGGCGGCGGCGGCGGCGGCGGCGGCGGCGGCGGCGGCGGCGGCGGCGGCGGCGGCGGCGGCGGCGGCGGCGGCGGCGGCGGCGGCGGCGGCGGCGGCGGCGGCGGCGGCGGCGGCGGCGGCGGCGGCGGCGGCGGCGGCGGCGGCGGCGGCGGCGGCGGCGGCGGCGGCGGCGGCGGCGGCGGCGGCGGCGGCGGCGGCGG,297nt,repeat RNA,554.0,PMID: 33523882,RNAPS0000460,RNA + protein,(CGG)99,Q06787,FMR1,297.0,0
,UUUUUUACCUUGUA,14nt(site1),mRNA,560.0,PMID: 33621982,RNAPS0000467,RNA + protein,p53,P31483,TIA-1,14.0,0
,GGGUCCCUUCUGCUGCCUAUGUAACCUAGUAGCUAG GGCUCAGCCCCCUCUCUGAGUAGUGGUUCCUGGCCCAAGUUGGGGAAUAGGUUGAUAGUU GUCAGGUCUCUGCUGGCCCAGCGAAAUUCUAUCCAGCCAGUUGUUGGACCCUGGCACCUA CAAUGAAAUCUCACCCUACCCCACACCCUGUAAGAUUCUAUCUUGGGCCCUCAUAGGGUC CAUAUCCUCCAGGGCCUACUUUCCUUCCAUUCUGCAAAGCCUGUCUGCAUUUAUCCACCC CCCACCCUGUCUCCCUCUAUGUAUGUAUGUAACCCCUGAUUAUAUAUCAA,326nt(3'UTR),mRNA,563.0,PMID: 33621982,RNAPS0000470,RNA + protein,p53_mut,P31483,TIA-1,326.0,0
,UUUUUACUCCAAUUUUUACUCCAAUUUUUACUCCAAUUUUUACUCCAAUUUUUACUCC,58nt,repeat RNA,564.0,PMID: 33621982,RNAPS0000471,RNA + protein,(UUUUUACUCCAA)4+UUUUUACUCC,P31483,TIA-1,58.0,0
,UGUGUGUGUGUGUGUGUGUGUGUG,24nt,repeat RNA,582.0,PMID: 32234784,RNAPS0000526,RNA + protein,(UG)12,Q14011,CIRBP,24.0,0
,GCACUCUGAUUGACAAAUACGAUU,24nt,siRNA,585.0,PMID: 32328638,RNAPS0000527,RNA + protein,luciferase siRNA,Q5BJ56,fxr1,24.0,0
,CGUGGAGGAGGUCUUAUCAGAGGCACGUCAACAUCUUAAAGAUGGCACUUGUGGCUUAGUA,34nt,irregular RNA,604.0,PMID: 33479198,RNAPS0000539,RNA + protein,"17-mer ssRNA (Lu,2021)",P0DTC9,SARS-CoV-2 Nucleoprotein,34.0,0
,GGUAAACAUACUAAAAUGAAUUAUAUAAUGCAGCCUCUUAAUUCUUUGAAGAACUAAAAAAUUAGGAAACAAAGUUCUAGCAUUUACAAAACUCAGAUCUCAAAGCUCUGCUUGUAUUUGUGAUAUUUCAUUUGCUUAACUGUAAACCAUUUCAAGGUACUAACUUUUAAAUCUGUAUGUAAAAUCUUUUCAAAAUACAUUUUUAAGCUAAUACUCUUAACAUAGAUUAUGAAGUUAAGUGAAAUUUAUGGCUCUAACAGCAAAAUAAUUAAAGUGCCAUAGUUUCUCAAGUGACUAAAGUAGUUAUUAAAAUCAAGCACUUGAUACUAAUUUGAAGUGUGUUUAAAAGUAAAUGAUUUGGGAACUGACAAUGUGUCAGAAAAUAUAUGUUCAUUUAUCAUUUUAAAAUCUUGUAUAAUUUGCCACUGUAUUCAUUUAUGCCUAAAUCUCUAUAACAGAUGAAAAGAUAAUUAAUAAAAUCCUAAUUAAAAAAUGA,496nt(3'UTR),mRNA,628.0,PMID: 33650968,RNAPS0000563,RNA + protein,GPR34,"Q07352,P35637",TIS11B-FUS,496.0,0
,AGCCAGGCCUGUCUUGAUGAUUUUUGGUUUUUUUUCAUUGUCCUGUUGAAAUCAAGUAAUUAAACAUUUAAGAGCCACAAAAUUGUAUCACUUUUAUAAUAUUUUGCAGUAAAAUAUAAUACCAUCUUCUCUGUUAAUACAUAAUUGCUCCAAGCUUCCUGUAAACUAUAAGAAUAUAUUUAGUUUACAGUAUAUGGAUUCUAUGAAAAAAUGUCCACAACACAGUAAUUGGUCACUUGUUAAGAAAAAUUUAUCCUUGUAAGUAUCUUCAAAGUUGAUAUUUGGAACUUUAUUCCAAAAGUAGUGCAUGUGGAGAAAGAAUCUAGACUUUCUUGUAUACAUUUUUCUCUUCUCCAGUAAUAAACAAUUACCUUUCAUUUAUACUUUGAUAACCUGUAUUUAAUUUAAAAAAAAACAUAAAAAUGAGGAACCAAGUGAAACUACGGAUAUAAAUAUUAAAGUGGACGAGAUGACCUUUCAGA,482nt(3'UTR),mRNA,629.0,PMID: 33650968,RNAPS0000564,RNA + protein,VPS29,"Q07352,P35637",TIS11B-FUS,482.0,0
,GGAAAAGUAAGGAAAACGAUUCCUUCUAACAGAAAUGUCCUGAGCAAUCACCUAUGAACUUGUUUCAAAUGCAUGAUCAAAUGCAACCUCACAACCUUGGCUGAGUCUUGAGACUGAAAGAUUUAGCCAUAAUGUAAACUGCCUCAAAUUGGACUUUGGGCAUAAAAGAACUUUUUUAUGCUUACCAUCUUUUUUUUUUCUUUAACAGAUUUGUAUUUAAGAAUUGUUUUUAAAAAAUUUUAAGAUUUACACAAUGUUUCUCUGUAAAUAUUGCCAUUAAAUGUAAAUAACUUUAAUAAAACGUUUAUAGCAGUUACACAGAAUUUCAAUCCUAGUAUAUAGUACCUAGUAUUAUAGGUACUAUAAACCCUAAUUUUUUUUAUUUAAGUACAUUUUGCUUUUUAAAGUUGAUUUUUUUCUAUUGUUUUUAGAAAAAAUAAAAUAACUGGCAAAUAUAUCAUUGAGCCAAAUCUUAA,476nt(3'UTR),mRNA,630.0,PMID: 33650968,RNAPS0000565,RNA + protein,MYC,"Q07352,P35637",TIS11B-FUS,476.0,0
,UUCAUGUACUGGAAAUGGCAGCAGUUUCUGAUGCUGAGGCAGUUUGCAAUCCCAUGACAACUGGAUUUAAAAGUACAGUACAGAUAGUCGUACUGAUCAUGAGAGACUGGCUGAUACUCAAAGUUGCAGUUACUUAGCUGCAUGAGAAUAAUACUAUUAUAAGUUAGGUUGACAAAUGAUGUUGAUUAUGUAAGGAUAUACUUAGCUACAUUUUCAGUCAGUAUGAACUUCCUGAUACAAAUGUAGGGAUAUAUACUGUAUUUUUAAACAUUUCUCACCAACUUUCUUAUGUGUGUUCUUUUUAAAAAUUUUUUUUCUUUUAAAAUAUUUAACAGUUCAAUCUCAAUAAGACCUCGCAUUAUGUAUGAAUGUUAUUCACUGACUAGAUUUAUUCAUACCAUGAGACAACACUAUUUUUAUUUAUAUAUGCAUAUAUAUACAUACAUGAAAUAAAUACAUCAAUAUAAAAAUAA,473nt(3'UTR),mRNA,631.0,PMID: 33650968,RNAPS0000566,RNA + protein,PLA2G4A,"Q07352,P35637",TIS11B-FUS,473.0,0
,GCGGCCCGGGAAUCUACGUCACCCGAAAAGCGACUAUAAACGCCGGCGCCUCCGUCCCCAGCCGCGGCUCGGGAAUCCACCCGAAGAGUGGCUAUAAACGUCCGCGCCUCCAUUGCGCUCUCCUCUUCACUUAGGACACUGGUCCUCCCACGCCUGACACCGACGUCGCCAGGACCGCGGGGUUGGGGGAACUUGGCUGUCCCACGUCUUUCAAAUAAAGCUGUUUUGUCUAAAAAAAAAAAAAAAAAAAAAAAAAAAAAAAAAAAAAAAAAAAAAAAAAAAAAAAAAAAAAAAAAAAAAAAAAAAAAAAAAAAAAAAAAAAAAAAAAAAAAAAAAAAAAAAAAA,345nt(1-345),lncRNA,695.0,PMID: 34267352,RNAPS0000625,RNA + protein,SNHG9,O95835,LATS1,345.0,0
,AAAAAAAAAAAAAAAAAAAAAAAAAAAAAAAAAAAAAAAAAAAAAAAAAAAAAAAAAAAAAAAAAAAAAAAAAAAAAAAAAAAAAAAAAAAAAAAAAAAAAAAAAAAAAAAAAAUCUGUUUUGUCGAAAUAAACUUUCUGCACCCUGUCGGUUCAAGGGGGUUGGGGCGCCAGGACCGCUGCAGCCACAGUCCGCACCCUCCUGGUCACAGGAUUCACUUCUCCUCUCGCGUUACCUCCGCGCCUGCAAAUAUCGGUGAGAAGCCCACCUAAGGGCUCGGCGCCGACCCCUGCCUCCGCGGCCGCAAAUAUCAGCGAAAAGCCCACUGCAUCUAAGGGCCCGGCG,345nt(1-345),lncRNA,697.0,PMID: 34267352,RNAPS0000626,RNA + protein,SNHG9-antisense,O95835,LATS1,345.0,0
